ImageName,DBI
000001_101_L6D.png,0.30454632159013467
000001_100_L6S.png,0.08574720262711685
000001_102_L6D.png,1.0
000001_103_L6D.png,0.5860801815623703
000001_104_L6D.png,0.6251305054615609
000001_105_L6D.png,0.5077711231419785
000001_106_L6D.png,0.26541487772414163
000001_107_L6D.png,0.32824278231337933
000001_108_L6D.png,0.9450776895060438
000001_109_L6D.png,0.695155007278943
000001_110_L6D.png,0.5547773183700597
000001_111_L6D.png,0.8044821412142689
000001_112_L6D.png,1.0
000001_114_L6D.png,0.9530783938013824
000001_115_L6D.png,0.2267273144724047
000001_117_L6D.png,0.8046823512963696
000001_118_L6D.png,0.6955529498536009
000001_119_L6D.png,0.03111373175898418
000001_11_L6S.png,0.15639067361271347
000001_120_L6D.png,0.023570343836021426
000001_121_L6D.png,0.10164433413895495
000001_122_L6D.png,0.6250155274273631
000001_123_L6D.png,0.6243682728319176
000001_124_L6D.png,0.4293900269288248
000001_125_L6D.png,0.2891648791569717
000001_126_L6D.png,0.5545177777396315
000001_127_L6D.png,0.0701683481571457
000001_128_L6D.png,0.20331436370567624
000001_129_L6D.png,0.13285554999139843
000001_130_L6D.png,0.10944004200892551
000001_131_L6D.png,0.5625136425895109
000001_132_L6D.png,0.4765789478860771
000001_133_L6D.png,0.6404152793472745
000001_134_L6D.png,0.6555597214694246
000001_135_L6D.png,0.7265827726688255
000001_136_L6D.png,0.21884380302210715
000001_137_L6D.png,0.5307378598785872
000001_139_L6D.png,0.10165537373740363
000001_13_L6S.png,0.3593609651991288
000001_140_L6D.png,0.5706756076974207
000001_141_L6D.png,0.491926369256449
000001_142_L6D.png,0.2503978560136184
000001_143_L6D.png,0.10929097798792692
000001_144_L6D.png,0.023449938214088688
000001_145_L6D.png,0.648377197021374
000001_146_L6D.png,0.4761247050479491
000001_146_UV6.png,0.4996002119946363
000001_147_L6D.png,0.5231165052687813
000001_147_UV6.png,0.5542917707494013
000001_148_L6D.png,0.648408478277922
000001_149_L6D.png,0.6479460515861399
000001_14_L6S.png,0.5546860690424096
000001_150_L6D.png,0.4138202171009884
000001_151_L6D.png,0.7106993562042808
000001_152_L6D.png,0.2189769349304921
000001_153_L6D.png,0.03140228707533085
000001_154_L6D.png,0.8045281155672449
000001_155_L6D.png,0.03922064428303838
000001_156_L6D.png,0.9765440082634544
000001_157_L6D.png,0.75809736280256
000001_158_L6D.png,0.7499996484773456
000001_159_L6D.png,0.2733276580347419
000001_15_h264_33.png,0.26555689542164485
000001_15_h264_43.png,0.39094215830369067
000001_15_L6S.png,0.5002700489762143
000001_161_L6D.png,0.9922048194412616
000001_161_UV6.png,0.9843607577527431
000001_162_L6D.png,0.5466228622238755
000001_164_L6D.png,0.6017297541483355
000001_166_L6D.png,0.7888014513310257
000001_16_L6S.png,0.1484412483950045
000001_170_L6D.png,0.03125910553269614
000001_171_L6D.png,0.9375237838830011
000001_171_UV6.png,0.9375405284256406
000001_172_L6D.png,0.6095284304303386
000001_173_L6D.png,0.8515861017642494
000001_174_L6D.png,0.7812966031653011
000001_175_L6D.png,0.3827803516545873
000001_176_L6D.png,0.929612828512291
000001_176_UV6.png,0.9295584600192988
000001_177_L6D.png,0.7812866120439668
000001_178_L6D.png,0.3830472502904614
000001_179_L6D.png,0.50829209885179
000001_179_UV6.png,0.5238714055131994
000001_17_L6S.png,0.7423665643730428
000001_180_L6D.png,0.7969047599236696
000001_180_UV6.png,0.8126325940894561
000001_181_L6D.png,0.1872368941758053
000001_182_L6D.png,0.1015619122222911
000001_183_L6D.png,0.07028753223859235
000001_184_L6D.png,0.6092081021335713
000001_185_L6D.png,0.6949631713511375
000001_186_L6D.png,0.5155196999100111
000001_187_L6D.png,0.17161711095279844
000001_188_L6D.png,0.007827381540360195
000001_189_L6D.png,0.2728967474387197
000001_18_L6S.png,0.0
000001_190_L6D.png,0.8515318941051191
000001_191_L6D.png,0.09374949491070758
000001_192_L6D.png,0.28159633546603696
000001_193_L6D.png,0.4843197440479587
000001_194_L6D.png,0.757838002141888
000001_195_L6D.png,0.5548904787346742
000001_196_L6D.png,0.08604006527801156
000001_198_L6D.png,0.07791898584483693
000001_199_L6D.png,0.6717114846016763
000001_19_L6S.png,0.39049877296759067
000001_1_L6S.png,0.5154664944081064
000001_200_L6D.png,0.7110836211313127
000001_202_U5S.png,0.5934739620060675
000001_203_U5S.png,0.37483439465596674
000001_204_U5S.png,0.10932429760396506
000001_205_U5S.png,0.25778874400308766
000001_206_U5S.png,0.5080895228109521
000001_207_U5S.png,0.14838380775562146
000001_208_U5S.png,0.5393012458101564
000001_209_U5S.png,0.6328918710271098
000001_20_L6S.png,0.3279543383263389
000001_210_U5S.png,0.7420495820124148
000001_211_U5S.png,0.32814951505529344
000001_212_U5S.png,0.4758961059155232
000001_213_U5S.png,0.2965996200214672
000001_214_U5S.png,0.19504198623074248
000001_215_U5S.png,0.24992543950543927
000001_216_U5S.png,0.5079241729487165
000001_217_U5S.png,0.8516092929264542
000001_218_U5S.png,0.9294262204175371
000001_219_U5S.png,0.679433879915012
000001_21_L6S.png,0.8125886125685851
000001_220_U5S.png,0.757951839445122
000001_221_U5S.png,0.05460016036165445
000001_222_U5S.png,0.9687241228187045
000001_224_U5S.png,0.8043273743047565
000001_223_U5S.png,0.828017361160393
000001_225_U5S.png,0.9139755461589882
000001_226_U5S.png,0.9297187925978729
000001_227_U5S.png,0.4764999277105776
000001_228_U5S.png,0.40602761487129113
000001_229_U5S.png,0.8434343839378795
000001_22_L6S.png,0.24191318471209422
000001_230_U5S.png,1.0
000001_231_U5S.png,0.8827868001054032
000001_232_U5S.png,0.546896800637934
000001_233_U5S.png,0.10940561664480042
000001_234_U5S.png,0.7882287383470532
000001_235_U5S.png,0.49991828785454523
000001_236_U5S.png,0.8824084114939275
000001_237_U5S.png,0.5082463767853569
000001_238_U5S.png,0.6173082248320361
000001_239_U5S.png,0.1171522520875872
000001_23_L6S.png,0.4841279638078277
000001_240_U5S.png,0.054728466505451476
000001_241_U5S.png,0.1403466780636618
000001_242_U5S.png,0.30465438861103755
000001_243_U5S.png,1.0
000001_245_U5S.png,0.33613214405733866
000001_246_U5S.png,0.37486066722892286
000001_247_U5S.png,0.32817327589286605
000001_248_U5S.png,0.0
000001_249_U5S.png,0.9297419575112204
000001_250_U5S.png,0.3669424759141252
000001_251_U5S.png,0.08627182186922161
000001_252_U5S.png,0.08603460223705743
000001_253_U5S.png,0.2965440455084451
000001_254_U5S.png,0.11729081078877647
000001_255_U5S.png,0.0
000001_256_U5S.png,0.0
000001_257_U5S.png,0.5230216353970948
000001_258_U5S.png,0.4450361773136007
000001_259_U5S.png,0.8438502043346494
000001_259_UV6.png,0.8593678623226357
000001_25_L6S.png,0.07055347517954073
000001_260_U5S.png,0.3828529952741188
000001_261_U5S.png,0.8436582119094707
000001_262_U5S.png,0.046935442324007245
000001_263_U5S.png,0.23403162264860503
000001_264_U5S.png,0.3126088415334733
000001_265_U5S.png,0.0704712978249376
000001_266_U5S.png,0.4298531935090709
000001_267_U5S.png,0.30455236658750495
000001_268_U5S.png,0.22634747693312263
000001_269_U5S.png,0.0
000001_26_L6S.png,0.632795677002904
000001_270_U5S.png,0.9298433863992415
000001_270_UV6.png,0.9298433863992415
000001_271_U5S.png,0.8438613217050885
000001_272_U5S.png,0.8752122003543712
000001_273_U5S.png,0.3440759871080699
000001_274_U5S.png,0.304585415565074
000001_275_U5S.png,0.2730699911797205
000001_276_U5S.png,0.14067494129761238
000001_277_U5S.png,0.2031330082520496
000001_278_U5S.png,0.42961108791013436
000001_279_U5S.png,0.02337366102852027
000001_27_L6S.png,0.8981743361799654
000001_280_U5S.png,0.9766144691565721
000001_280_UV6.png,0.9766264069695569
000001_281_U5S.png,0.0
000001_282_U5S.png,0.3356554127321
000001_283_U5S.png,0.38256690891648915
000001_283_UV6.png,0.3903723918615677
000001_284_U5S.png,0.765777340448117
000001_285_U5S.png,0.6245697329447709
000001_285_UV6.png,0.616710273303765
000001_286_U5S.png,0.9375428414843769
000001_286_UV6.png,0.9061317923064109
000001_287_U5S.png,0.5074272764200475
000001_287_UV6.png,0.5231588267151459
000001_288_U5S.png,0.3438817889681613
000001_288_UV6.png,0.30470841455419906
000001_289_U5S.png,0.7266063959045993
000001_289_UV6.png,0.6641366609885231
000001_28_L6S.png,0.14069496667610484
000001_290_U5S.png,0.8361137580701813
000001_290_UV6.png,0.8046896514123055
000001_291_U5S.png,0.8439110935043781
000001_291_UV6.png,0.8439503994553759
000001_292_U5S.png,0.32780572342688136
000001_293_U5S.png,0.35145292421763896
000001_294_U5S.png,0.4296832568920037
000001_295_U5S.png,0.12494832910562648
000001_296_U5S.png,0.46075902126101703
000001_297_U5S.png,0.015590181928940405
000001_298_U5S.png,0.0
000001_299_U5S.png,0.5626705698081678
000001_29_L6S.png,0.609314533860132
000001_2_L6S.png,0.5157710195339009
000001_300_U5S.png,0.26563894030414603
000001_301_U6S.png,0.59379204988611
000001_302_U6S.png,0.007831336146700382
000001_303_U6S.png,0.742236949428085
000001_304_U6S.png,0.25005415637616657
000001_304_UV6.png,0.25005415637616657
000001_305_U6S.png,0.21099064665554887
000001_306_U6S.png,0.21066653882135203
000001_307_U6S.png,0.6870889903612403
000001_308_U6S.png,0.7966248707170427
000001_309_U6S.png,0.6244263929533734
000001_30_h264_43.png,0.07025728793608767
000001_30_L6S.png,0.031249982974297978
000001_310_U6S.png,0.7029094168309058
000001_311_U6S.png,0.9842355590820313
000001_311_UV6.png,0.9842355590820313
000001_312_U6S.png,0.4685177992216831
000001_313_U6S.png,0.492395145727474
000001_314_U6S.png,0.0
000001_315_U6S.png,0.858975643493989
000001_316_U6S.png,0.9453206488526528
000001_317_U6S.png,0.10126999921661795
000001_318_U6S.png,0.023340555546917795
000001_319_U6S.png,0.1482009021044026
000001_31_L6S.png,0.5703197872981274
000001_320_U6S.png,0.015583118362426759
000001_321_U6S.png,0.6951505849868822
000001_322_U6S.png,0.9688192892288394
000001_324_U6S.png,0.6088747015827568
000001_325_U6S.png,0.5546681621515089
000001_326_U6S.png,0.7813418639672708
000001_327_U6S.png,0.046779230808759543
000001_327_UV6.png,0.046779230808759543
000001_329_U6S.png,0.9295584600192988
000001_32_L6S.png,0.023391810292925017
000001_331_U6S.png,0.39832778476303327
000001_332_U6S.png,0.781413642290073
000001_333_U6S.png,0.39802560108815893
000001_334_U6S.png,0.4683253582732108
000001_335_U6S.png,0.20342808311425387
000001_336_U6S.png,0.22658999044332015
000001_337_U6S.png,0.38267152019762146
000001_337_UV6.png,0.38267152019762146
000001_338_U6S.png,0.797019599840967
000001_338_UV6.png,0.797019599840967
000001_339_U6S.png,0.39041705321915265
000001_33_L6S.png,0.42219024917040726
000001_340_U6S.png,0.6718133205023364
000001_341_U6S.png,0.35158316878192053
000001_341_UV6.png,0.35158316878192053
000001_342_U6S.png,0.5314685590737209
000001_343_U6S.png,0.992204819747788
000001_343_UV6.png,0.992204819747788
000001_344_U6S.png,0.7812433397472998
000001_345_U6S.png,0.0
000001_346_U6S.png,0.5626517395496642
000001_347_U6S.png,0.4680966247599147
000001_348_U6S.png,0.6641174058784537
000001_349_U6S.png,0.7961182495036009
000001_34_L6S.png,0.33585118751830273
000001_350_U6S.png,0.9296717929595462
000001_351_U6S.png,0.20288909549303874
000001_352_U6S.png,0.8751510762297279
000001_352_UV6.png,0.8751510762297279
000001_353_U6S.png,0.5150770267154143
000001_354_U6S.png,0.4607658243243656
000001_355_U6S.png,0.30462176603119173
000001_356_U6S.png,0.8203794303612439
000001_357_U6S.png,0.7810122426597065
000001_358_U6S.png,0.616695489655184
000001_358_UV6.png,0.616695489655184
000001_359_U6S.png,0.8594036282168211
000001_35_L6S.png,0.7499680624729611
000001_360_U6S.png,0.632484455972791
000001_361_U6S.png,0.3437941658001337
000001_362_U6S.png,0.710528702708022
000001_363_U6S.png,0.5553876674261528
000001_364_U6S.png,0.5861562620344227
000001_365_U6S.png,0.5385286853810969
000001_366_U6S.png,0.8746898973688026
000001_367_U6S.png,0.0937662254998675
000001_368_U6S.png,0.054754623342554924
000001_369_U6S.png,0.6721178891834415
000001_36_h264_33.png,0.4605825292859226
000001_36_h264_43.png,0.640188783831747
000001_36_L6S.png,0.9376202718101458
000001_370_U6S.png,0.8123407604796206
000001_370_UV6.png,0.8123407604796206
000001_371_U6S.png,0.679864599568683
000001_371_UV6.png,0.679864599568683
000001_372_U6S.png,0.3515180191038812
000001_373_U6S.png,0.6560455621795285
000001_374_U6S.png,0.3827748699937297
000001_375_U6S.png,0.7888829711431693
000001_376_U6S.png,0.9374453218108523
000001_377_U6S.png,0.8510753267679423
000001_378_U6S.png,0.8359392725780559
000001_379_U6S.png,0.6952352072779934
000001_37_L6S.png,0.0312213788337056
000001_380_U6S.png,0.5857697292240861
000001_381_U6S.png,0.8043333011140184
000001_382_U6S.png,0.734532934470901
000001_383_U6S.png,0.0
000001_384_U6S.png,0.8279589865421563
000001_385_U6S.png,0.7501289533172366
000001_386_U6S.png,0.32024473922497765
000001_387_U6S.png,0.6797146971509331
000001_388_U6S.png,0.640196289799317
000001_389_U6S.png,0.5702827783769461
000001_38_L6S.png,0.6872082083809957
000001_390_U6S.png,0.42946366708380446
000001_392_U6S.png,0.7492534617521864
000001_391_U6S.png,0.32014940898962085
000001_393_U6S.png,0.03902311557958271
000001_394_U6S.png,0.3362755447479003
000001_395_U6S.png,0.3906556347313841
000001_396_U6S.png,0.8905924057468579
000001_397_U6S.png,0.31997575319219473
000001_398_U6S.png,0.7113018618142852
000001_39_L6S.png,0.2653547295637672
000001_3_L6S.png,0.2735198351545824
000001_406_U5D.png,0.6713405592088467
000001_40_L6S.png,0.5157710195339009
000001_411_U5D.png,0.757278134999543
000001_416_U5D.png,0.8981851900128943
000001_422_U5D.png,0.8274295599437425
000001_425_U5D.png,0.32014629791885013
000001_426_U5D.png,0.3673061680572861
000001_42_L6S.png,0.19532678681135374
000001_434_U5D.png,0.16399695435800063
000001_436_U5D.png,0.6170399290343619
000001_445_U5D.png,0.3670142143581431
000001_446_U5D.png,0.31238079733787794
000001_44_L6S.png,0.22646391760769083
000001_456_U5D.png,0.38264746895768886
000001_457_U5D.png,1.0
000001_458_U5D.png,0.9138171985715609
000001_468_U5D.png,0.8985643412247803
000001_470_U5D.png,0.6637522892262842
000001_471_U5D.png,0.5393014319777809
000001_472_U5D.png,0.9844096388825231
000001_473_U5D.png,0.9921558739170003
000001_474_U5D.png,0.3284604810248162
000001_475_U5D.png,0.28105093296983386
000001_476_U5D.png,0.6564961683950687
000001_477_U5D.png,0.8042678924459753
000001_478_U5D.png,0.3282590404488142
000001_479_U5D.png,0.9765720709745661
000001_47_L6S.png,0.023393932180559185
000001_481_U5D.png,0.7263589953067294
000001_482_U5D.png,0.4758961059155232
000001_483_U5D.png,0.30452020317126816
000001_484_U5D.png,0.4372722861034725
000001_485_U5D.png,0.26567806544669503
000001_486_U5D.png,0.28898960476382013
000001_487_U5D.png,0.3669424759141252
000001_488_U5D.png,0.39069161770154204
000001_489_U5D.png,0.4758961059155232
000001_48_L6S.png,0.4531152816543703
000001_490_U5D.png,0.7813502422710498
000001_491_U5D.png,0.2965996200214672
000001_492_U5D.png,0.19504198623074248
000001_493_U5D.png,0.14043144063466725
000001_494_U5D.png,0.5078311248653342
000001_496_U5D.png,0.390367471547414
000001_497_U5D.png,0.15623754410728222
000001_498_U5D.png,0.30487536807561466
000001_499_U5D.png,0.6876328310787729
000001_49_h264_33.png,0.20293551424000889
000001_49_h264_43.png,0.23423110528598956
000001_49_L6S.png,0.3827065754395122
000001_4_L6S.png,0.6408166640545161
000001_500_U5D.png,0.5544621701097749
000001_502_UV6.png,0.08574199713547011
000001_503_UV6.png,0.8435908893346575
000001_504_UV6.png,0.9217703217230162
000001_505_UV6.png,0.929770608402285
000001_506_UV6.png,0.24223721285978214
000001_507_UV6.png,0.27311124729453135
000001_508_UV6.png,0.25770754325393
000001_50_L6S.png,0.6874166660725345
000001_512_UV6.png,0.7572635782162166
000001_513_UV6.png,0.7185691147690141
000001_514_UV6.png,0.585776979327722
000001_515_UV6.png,0.5780191250552007
000001_516_UV6.png,0.8748995650827467
000001_518_UV6.png,0.7027380731168822
000001_517_UV6.png,0.33564136038642406
000001_519_UV6.png,0.9373815604707141
000001_51_h264_33.png,0.046948499239474965
000001_51_h264_43.png,0.35172594360145437
000001_51_L6S.png,0.9374807119889534
000001_520_UV6.png,1.0
000001_521_UV6.png,0.5078144107621093
000001_522_UV6.png,0.2184160324977258
000001_523_UV6.png,0.6090921524608877
000001_524_UV6.png,0.8748995650827467
000001_525_UV6.png,0.7648111596090411
000001_526_UV6.png,0.4997366746625412
000001_527_UV6.png,0.4138442450853659
000001_528_UV6.png,0.06233732109969503
000001_529_UV6.png,0.7346013397826929
000001_52_L6S.png,0.36708895972870836
000001_530_UV6.png,0.31267360130458044
000001_531_UV6.png,0.14834928914258935
000001_532_UV6.png,0.4531485939484825
000001_533_UV6.png,0.4296110364570676
000001_534_UV6.png,0.2184396690035943
000001_535_UV6.png,0.39814512375448924
000001_536_UV6.png,0.8826815342196941
000001_537_UV6.png,0.8981996284301683
000001_538_UV6.png,0.8285726673783123
000001_539_UV6.png,0.5239281095063179
000001_53_L6S.png,0.4295717192392271
000001_540_UV6.png,0.5236134038788218
000001_541_UV6.png,0.2810641430443656
000001_542_UV6.png,0.21890171233984534
000001_543_UV6.png,0.5233171790848035
000001_544_UV6.png,0.7266073505193162
000001_545_UV6.png,0.21105758280360842
000001_546_UV6.png,0.5625074419980851
000001_547_UV6.png,0.2657631691137067
000001_548_UV6.png,0.6405583341870545
000001_549_UV6.png,0.5702668142365042
000001_54_L6S.png,0.21077270648962684
000001_550_UV6.png,0.5469279172736488
000001_551_UV6.png,0.8203518397362359
000001_552_UV6.png,0.2732295221042487
000001_553_UV6.png,0.5389012905476221
000001_554_UV6.png,0.5155533973647687
000001_555_UV6.png,0.4060402558577686
000001_556_UV6.png,0.4996690866477641
000001_557_UV6.png,0.3360144556859989
000001_558_UV6.png,0.49994407764080906
000001_559_UV6.png,0.5232650265431412
000001_55_L6S.png,0.13288435213499206
000001_560_UV6.png,0.531168414992415
000001_561_UV6.png,0.320617067524318
000001_562_UV6.png,0.6795511962998652
000001_563_UV6.png,0.609235713092666
000001_564_UV6.png,0.5229939761777678
000001_565_UV6.png,0.3130032202721543
000001_566_UV6.png,0.14853673497778136
000001_567_UV6.png,0.9375371486468462
000001_568_UV6.png,0.19509277427857646
000001_569_UV6.png,0.28106191665214764
000001_56_L6S.png,0.3747139478805083
000001_570_UV6.png,0.2504514730066865
000001_571_UV6.png,0.21879266491502827
000001_572_UV6.png,0.31241395674020545
000001_573_UV6.png,0.5938759827532201
000001_574_UV6.png,0.23395940034587437
000001_575_UV6.png,0.43718773613180584
000001_576_UV6.png,0.14041053090281067
000001_577_UV6.png,0.023404345467108175
000001_578_UV6.png,0.23419130328558274
000001_579_UV6.png,0.27299801393809464
000001_57_L6S.png,0.0858261154350832
000001_580_UV6.png,0.7728969406000346
000001_581_UV6.png,0.1404043798468224
000001_585_UV6.png,0.24184812459411295
000001_586_UV6.png,0.28865004541511774
000001_587_UV6.png,0.8284217285084134
000001_588_UV6.png,0.3747189145330537
000001_589_UV6.png,0.07039510704524422
000001_58_L6S.png,0.2265709422567928
000001_590_UV6.png,0.5466471659685543
000001_591_UV6.png,0.4452778769791752
000001_592_UV6.png,0.56964477522581
000001_593_UV6.png,0.523482663302486
000001_594_UV6.png,0.5859333314174646
000001_595_UV6.png,0.3360518456404534
000001_596_UV6.png,0.44503170958390215
000001_597_UV6.png,0.2032734305410185
000001_598_UV6.png,0.39039832173843114
000001_599_UV6.png,0.319983932054022
000001_59_L6S.png,0.6564845320435775
000001_5_L6S.png,0.7966750943440268
000001_600_UV6.png,0.28870172677911826
000001_601_h264_18.png,0.02346816007665074
000001_601_h264_33.png,0.04690666484590916
000001_601_h264_43.png,0.2811387696820557
000001_601_L6S.png,0.35123675570562285
000001_602_h264_18.png,0.03888363938835144
000001_602_h264_33.png,0.0545513457670804
000001_602_h264_43.png,0.3509906577209204
000001_602_L6S.png,0.6241926606052492
000001_603_h264_43.png,0.25064018479020694
000001_603_L6S.png,0.41453295319121014
000001_604_h264_18.png,0.06271905810128472
000001_604_h264_33.png,0.08614450107350836
000001_604_h264_43.png,0.07827832692477493
000001_604_L6S.png,0.39885091236163406
000001_605_h264_18.png,0.21121472836812605
000001_605_h264_33.png,0.16424652869719064
000001_605_h264_43.png,0.40652541494784683
000001_605_L6S.png,0.6093585016641612
000001_606_h264_43.png,0.031218643229113698
000001_606_L6S.png,0.05456842897409625
000001_607_h264_18.png,0.01576444091796875
000001_607_h264_33.png,0.0
000001_607_h264_43.png,0.0469018849990986
000001_607_L6S.png,0.0468781179599731
000001_608_h264_18.png,0.48453857261028555
000001_608_h264_33.png,0.5704252254651438
000001_608_h264_43.png,0.6719126668650575
000001_608_L6S.png,0.9140848492647742
000001_609_h264_18.png,0.01554604010356903
000001_609_h264_33.png,0.031173472974382138
000001_609_h264_43.png,0.16402283810293702
000001_609_L6S.png,0.45279874744693427
000001_60_h264_33.png,0.03911485896425028
000001_60_h264_43.png,0.15631008819897468
000001_60_L6S.png,0.6868534408478815
000001_610_h264_43.png,0.07826083703585683
000001_610_L6S.png,0.31208895719675345
000001_611_h264_43.png,0.12511818500611402
000001_611_L6S.png,0.3043600606611707
000001_612_h264_18.png,0.015583118362426759
000001_612_h264_33.png,0.015583118362426759
000001_612_h264_43.png,0.015583118362426759
000001_612_L6S.png,0.015583118362426759
000001_613_h264_18.png,0.3438034962263894
000001_613_h264_33.png,0.15622122398034993
000001_613_h264_43.png,0.28852546520777816
000001_613_L6S.png,0.5466411119433121
000001_614_h264_18.png,0.2652432304510798
000001_614_h264_33.png,0.28116346229643596
000001_614_h264_43.png,0.38240105081035347
000001_614_L6S.png,0.5233963495174936
000001_615_h264_18.png,0.16410098491887168
000001_615_h264_33.png,0.14846749936546427
000001_615_h264_43.png,0.1873397486220724
000001_615_L6S.png,0.2656566853085038
000001_616_h264_18.png,0.09368735211930405
000001_616_h264_33.png,0.1403986655029597
000001_616_h264_43.png,0.2652717204945984
000001_616_L6S.png,0.5394329909285792
000001_617_h264_18.png,0.1639750234201063
000001_617_h264_33.png,0.17171431373022628
000001_617_h264_43.png,0.42155635093676674
000001_617_L6S.png,0.726476259195541
000001_618_h264_18.png,0.10134871407493933
000001_618_h264_43.png,0.0623601387433565
000001_618_L6S.png,0.42242312240538554
000001_61_L6S.png,0.9453493167400175
000001_620_h264_33.png,0.07809774542071739
000001_620_h264_43.png,0.12501213827040028
000001_620_L6S.png,0.48471990280015415
000001_621_h264_33.png,0.19524538408033792
000001_621_h264_43.png,0.24205223052611738
000001_621_L6S.png,0.21854582629581382
000001_622_h264_33.png,0.3438028335094656
000001_622_h264_43.png,0.5311662637587581
000001_622_L6S.png,0.562536081158998
000001_623_h264_33.png,0.20296508763091467
000001_623_h264_43.png,0.3591704058105598
000001_623_L6S.png,0.09362168917107559
000001_624_h264_18.png,0.11723761785560823
000001_624_h264_43.png,0.42996408417114185
000001_624_L6S.png,0.12493991742768884
000001_625_h264_43.png,0.1015005701872132
000001_625_L6S.png,0.8281038380786485
000001_626_h264_18.png,0.3280054503222458
000001_626_h264_33.png,0.4215578841787312
000001_626_h264_43.png,0.5155365624856515
000001_626_L6S.png,0.8594632501900606
000001_627_h264_18.png,0.14891330192270458
000001_627_h264_33.png,0.1409920680801786
000001_627_h264_43.png,0.14086900541447972
000001_627_L6S.png,0.5081273193836664
000001_628_h264_18.png,0.14075773040122466
000001_628_h264_33.png,0.21088238642062923
000001_628_h264_43.png,0.3281079382328428
000001_628_L6S.png,0.4451519705893703
000001_629_L6S.png,0.26580700912583016
000001_62_h264_33.png,0.20315397962398282
000001_62_h264_43.png,0.3750123108490942
000001_62_L6S.png,0.7421784247728263
000001_630_L6S.png,0.18763450789056135
000001_631_h264_18.png,0.17158676401978243
000001_631_h264_33.png,0.14833687847601923
000001_631_h264_43.png,0.37487994256513246
000001_631_L6S.png,0.7023586905762302
000001_632_h264_18.png,0.15617717249309576
000001_632_h264_33.png,0.05474527572020422
000001_632_h264_43.png,0.17227137954058103
000001_632_L6S.png,0.33621940319138616
000001_633_L6S.png,0.09369364275395475
000001_634_L6S.png,0.0
000001_635_h264_33.png,0.14062509954186297
000001_635_h264_43.png,0.10938637799282974
000001_635_L6S.png,0.16410564452676663
000001_636_h264_18.png,0.07820082521583488
000001_636_h264_33.png,0.10154976482008748
000001_636_h264_43.png,0.1797054893049827
000001_636_L6S.png,0.26592119126618596
000001_637_h264_18.png,0.038987826528525976
000001_637_h264_33.png,0.07020940933724375
000001_637_h264_43.png,0.37516131269243014
000001_637_L6S.png,0.656084748008434
000001_638_h264_18.png,0.13266979835500364
000001_638_h264_33.png,0.14828966508471772
000001_638_h264_43.png,0.22675997442797988
000001_638_L6S.png,0.6173302728902521
000001_639_h264_18.png,0.4057473030681261
000001_639_h264_33.png,0.5620786691359506
000001_639_h264_43.png,0.7889554657789073
000001_639_L6S.png,0.9921177795410157
000001_63_L6S.png,0.04695562928165246
000001_640_h264_33.png,0.039184339611491315
000001_640_h264_43.png,0.24238353512687633
000001_640_L6S.png,0.11713349612119447
000001_642_h264_18.png,0.007844061688518525
000001_642_h264_33.png,0.0
000001_642_h264_43.png,0.1015085472828754
000001_642_L6S.png,0.2500850290472676
000001_643_h264_43.png,0.38275641296748075
000001_643_h264_18.png,0.1483624825702676
000001_643_L6S.png,0.6168273096563682
000001_644_h264_18.png,0.24166788864730032
000001_644_h264_43.png,0.3513407130886824
000001_644_L6S.png,0.38255449614913944
000001_645_h264_43.png,0.4845591642875093
000001_645_L6S.png,0.6953298466388235
000001_646_L6S.png,0.6018584262530621
000001_647_h264_18.png,0.21067068368720682
000001_647_h264_43.png,0.25761905721679473
000001_647_L6S.png,0.3044806260156656
000001_648_h264_43.png,0.4139674621714627
000001_648_L6S.png,0.5312883266070544
000001_649_h264_33.png,0.10917877428642697
000001_649_h264_43.png,0.21864835504299224
000001_649_L6S.png,0.4450200523017115
000001_64_L6S.png,0.5863201423818969
000001_650_h264_33.png,0.10941553280504027
000001_650_h264_43.png,0.17213847197167828
000001_650_L6S.png,0.26571682489215176
000001_651_h265_43.png,0.023470264310969543
000001_651_L6S.png,0.0627074874887332
000001_652_h265_43.png,0.6329925738815037
000001_652_L6S.png,0.7504035018782251
000001_653_h265_33.png,0.05477120156688063
000001_653_h265_43.png,0.05462556624535349
000001_653_L6S.png,0.08619061517945889
000001_654_h265_18.png,0.02343301684028684
000001_654_h265_33.png,0.03899744103298246
000001_654_h265_43.png,0.0702187575351051
000001_654_L6S.png,0.35146242963951596
000001_655_h265_18.png,0.05482553068402152
000001_655_h265_33.png,0.09401574114061712
000001_655_h265_43.png,0.1953869122438721
000001_655_L6S.png,0.3282069117080257
000001_656_h265_43.png,0.17946125053035872
000001_656_L6S.png,0.2500782458624433
000001_657_h265_33.png,0.24228999548855096
000001_657_L6S.png,0.5388757150855912
000001_658_h265_43.png,0.0
000001_658_L6S.png,0.0
000001_659_h265_43.png,0.2032404244708289
000001_65_L6S.png,0.8124954132397163
000001_660_h265_43.png,0.1874784571293894
000001_660_L6S.png,0.4061620998756096
000001_661_h265_43.png,0.03896885599908515
000001_661_L6S.png,0.2890066320192245
000001_662_h265_18.png,0.03128495389614655
000001_662_h265_33.png,0.039099656590207366
000001_662_h265_43.png,0.06250478663102976
000001_662_L6S.png,0.3518881448997184
000001_663_h265_18.png,0.023450792472757363
000001_663_h265_33.png,0.03909806948488544
000001_663_h265_43.png,0.05473057164602019
000001_663_L6S.png,0.14848064439614786
000001_664_h265_43.png,0.19552728178811457
000001_664_L6S.png,0.3439184590473967
000001_665_h265_43.png,0.3672364717443797
000001_665_L6S.png,0.6409186067478796
000001_666_h265_18.png,0.08575669261935903
000001_666_L6S.png,0.23406143204523028
000001_667_h265_43.png,0.23451485075584716
000001_667_L6S.png,0.30476109122100586
000001_668_h265_33.png,0.07019389898545816
000001_668_h265_43.png,0.2265877329104989
000001_668_L6S.png,0.37520640396772165
000001_669_h265_33.png,0.015566606975077607
000001_669_h265_43.png,0.12519167573287415
000001_669_L6S.png,0.3204474434306401
000001_66_h264_18.png,0.3285644315374837
000001_66_h264_33.png,0.21902858119208887
000001_66_h264_43.png,0.3517623841736702
000001_66_L6S.png,0.7893360875595026
000001_673_h265_33.png,0.12503834881993794
000001_673_h265_43.png,0.218655637622874
000001_673_L6S.png,0.2576379023757363
000001_675_h265_33.png,0.18747526755986982
000001_675_h265_43.png,0.19546764315326196
000001_675_L6S.png,0.2575199758405766
000001_676_L6S.png,0.20337453781809878
000001_676_vp9_28.png,0.07039606867004355
000001_676_vp9_45.png,0.07034038818411803
000001_676_vp9_60.png,0.07036844101366099
000001_677_L6S.png,0.3827638711280963
000001_677_vp9_60.png,0.1484832226447993
000001_678_L6S.png,0.7656170870998299
000001_678_vp9_28.png,0.25778942250032855
000001_678_vp9_60.png,0.28116280185406967
000001_678_vp9_45.png,0.2656764655950362
000001_679_L6S.png,0.17945859179835277
000001_67_L6S.png,0.4761667285693768
000001_680_L6S.png,0.35949899451316236
000001_680_vp9_45.png,0.10946604251787354
000001_680_vp9_60.png,0.10156183786345044
000001_681_L6S.png,0.31222873727123435
000001_681_vp9_28.png,0.15606771934247257
000001_681_vp9_45.png,0.13261938002936785
000001_681_vp9_60.png,0.1794087507145454
000001_682_L6S.png,0.5936556975677454
000001_682_vp9_28.png,0.12498133900338129
000001_682_vp9_45.png,0.20303018086410457
000001_682_vp9_60.png,0.32031473236026076
000001_683_L6S.png,0.5392378263297186
000001_684_L6S.png,0.773445535457812
000001_684_vp9_28.png,0.16396016199914726
000001_684_vp9_45.png,0.21858352249109014
000001_684_vp9_60.png,0.18749348963733417
000001_685_L6S.png,0.4297547463672523
000001_685_vp9_28.png,0.09363640400876375
000001_685_vp9_45.png,0.10919270579521155
000001_685_vp9_60.png,0.23413260132055452
000001_686_L6S.png,0.3667660797328978
000001_686_vp9_60.png,0.2734046202927649
000001_687_L6S.png,0.851842636071406
000001_687_vp9_45.png,0.10155918760041105
000001_687_vp9_60.png,0.20319393988538748
000001_688_L6S.png,0.46866059345453104
000001_688_vp9_28.png,0.21107454183322566
000001_688_vp9_45.png,0.21080655909509266
000001_688_vp9_60.png,0.26544918954256885
000001_689_L6S.png,0.617493670500771
000001_689_vp9_28.png,0.3049755516101098
000001_689_vp9_45.png,0.2658326676290186
000001_689_vp9_60.png,0.2658115808750408
000001_68_L6S.png,0.9377335789981491
000001_690_L6S.png,0.7578858899350982
000001_690_vp9_28.png,0.09389781011995116
000001_690_vp9_45.png,0.10944611105202706
000001_690_vp9_60.png,0.12499268091209528
000001_691_L6S.png,0.8124791365669843
000001_692_L6S.png,0.5700889753775013
000001_693_L6S.png,0.7343472747937462
000001_693_vp9_45.png,0.34377307593667367
000001_693_vp9_60.png,0.39073233521765405
000001_694_L6S.png,0.22697809244906714
000001_694_vp9_28.png,0.031224095056894538
000001_694_vp9_45.png,0.0311392868614478
000001_694_vp9_60.png,0.03121540783659756
000001_695_L6S.png,0.6564403035709436
000001_695_vp9_28.png,0.24227786446293392
000001_695_vp9_45.png,0.2733589394132783
000001_695_vp9_60.png,0.3513581334488979
000001_696_L6S.png,0.10166162943486383
000001_696_vp9_28.png,0.054842969586538504
000001_696_vp9_45.png,0.03921662811107636
000001_696_vp9_60.png,0.06268812633689679
000001_697_L6S.png,0.2888692510401704
000001_697_vp9_28.png,0.09369532024700901
000001_697_vp9_45.png,0.17173760858736525
000001_697_vp9_60.png,0.09363800187123243
000001_698_L6S.png,0.773248488174712
000001_698_vp9_28.png,0.09394793155556205
000001_698_vp9_60.png,0.07041784393485964
000001_699_L6S.png,0.26576719175193225
000001_699_vp9_45.png,0.10962420015949571
000001_699_vp9_60.png,0.08615610081085531
000001_69_L6S.png,0.42194106185762786
000001_6_L6S.png,0.609000019170268
000001_700_L6S.png,0.39851700613888086
000001_700_vp9_28.png,0.03918504458809775
000001_700_vp9_45.png,0.08603025132579958
000001_700_vp9_60.png,0.11712096052049178
000001_701_U5S.png,0.5159079295115954
000001_702_U5S.png,0.4378077955243239
000001_703_U5S.png,0.10931885298596686
000001_704_U5S.png,0.17185156279673297
000001_705_U5S.png,0.4137734376920761
000001_706_U5S.png,0.10151077750764582
000001_707_U5S.png,0.007793716603172395
000001_708_U5S.png,0.02339399333867838
000001_709_U5S.png,0.7573507985252417
000001_70_h264_18.png,0.054752388213715183
000001_70_h264_33.png,0.05473415005654416
000001_70_h264_43.png,0.11704145603788668
000001_70_L6S.png,0.38314677195381064
000001_710_U5S.png,0.24971498812835646
000001_711_U5S.png,0.3043966914689412
000001_712_U5S.png,0.7491533163390749
000001_713_U5S.png,0.20292601428842644
000001_714_U5S.png,0.06251737755302475
000001_715_U5S.png,0.3980849034624455
000001_716_U5S.png,0.031177273351882126
000001_717_U5S.png,0.7109494159915422
000001_718_U5S.png,0.3045968986752411
000001_719_U5S.png,0.2891561444806226
000001_71_L6S.png,0.2265461596448774
000001_720_U5S.png,0.30454060452613024
000001_721_U5S.png,0.5468613916844033
000001_722_U5S.png,0.36691301061276965
000001_723_U5S.png,0.5857515660593209
000001_724_U5S.png,0.5235778924991247
000001_725_U5S.png,0.6952974390263835
000001_726_U5S.png,0.7188331465650023
000001_727_U5S.png,0.851234049124965
000001_728_U5S.png,0.5701629491792279
000001_729_U5S.png,0.7421848099606729
000001_72_L6S.png,0.3903756498270139
000001_730_U5S.png,0.49228623971949015
000001_731_U5S.png,0.04677108309976265
000001_732_U5S.png,0.07799034155471965
000001_733_U5S.png,0.8670894704969535
000001_734_U5S.png,0.7891920580299067
000001_735_U5S.png,0.7731843312571789
000001_736_U5S.png,0.6559158939018397
000001_737_U5S.png,0.624562868948513
000001_738_U5S.png,0.7730692524344112
000001_739_U5S.png,0.6169694494270792
000001_73_L6S.png,0.8283825025915468
000001_740_U5S.png,0.07028415665712473
000001_741_U5S.png,0.09377668503980416
000001_742_U5S.png,0.13282098861150263
000001_743_U5S.png,0.22624681119450654
000001_744_U5S.png,0.5464072727051416
000001_745_U5S.png,0.007795090964470203
000001_746_U5S.png,0.03118053219567701
000001_747_U5S.png,0.08593993957820761
000001_748_U5S.png,0.12480935204195272
000001_749_U5S.png,0.0
000001_74_L6S.png,0.593951936171523
000001_750_U5S.png,0.007827381540360195
000001_751_U5S.png,0.10135811373381738
000001_752_U5S.png,0.0
000001_753_U5S.png,0.05479514668359756
000001_754_U5S.png,0.1560221525826927
000001_755_U5S.png,0.085929658889321
000001_756_U5S.png,0.22649129639908416
000001_757_U5S.png,0.01568825875822866
000001_758_U5S.png,0.015590361153382493
000001_759_U5S.png,0.14833075760417097
000001_75_h264_18.png,0.3125394648486801
000001_75_h264_33.png,0.25822211790377714
000001_75_h264_43.png,0.3128133136502739
000001_75_L6S.png,0.6329173601843403
000001_760_U5S.png,0.07809859684672152
000001_761_U5S.png,0.1558989222150321
000001_762_U5S.png,0.1411915923482441
000001_763_U5S.png,0.0
000001_764_U5S.png,0.32790945960945106
000001_765_U5S.png,0.40588362132574535
000001_766_U5S.png,0.6478264623762967
000001_767_U5S.png,0.7034563390688229
000001_768_U5S.png,0.4995436077718287
000001_769_U5S.png,0.24979721532037535
000001_76_L6S.png,0.5546860690424096
000001_770_U5S.png,0.5933087884206003
000001_771_U5S.png,0.4681716680723753
000001_772_U5S.png,0.5080100356983
000001_773_U5S.png,0.5393637694809741
000001_774_U5S.png,0.5704806799080461
000001_775_U5S.png,0.3280110000190073
000001_776_U5S.png,0.5391134553298381
000001_777_U5S.png,0.8593380308644007
000001_778_U5S.png,0.6324449324451227
000001_779_U5S.png,0.4844821848363131
000001_77_L6S.png,0.11705757057060318
000001_780_U5S.png,0.41464894731644997
000001_781_U5S.png,0.5152415612717578
000001_782_U5S.png,0.46874835432143247
000001_783_U5S.png,0.7657517479912502
000001_784_U5S.png,0.1639543076714778
000001_785_U5S.png,0.14043601906701964
000001_786_U5S.png,0.8436489690232307
000001_787_U5S.png,0.35130617997161506
000001_788_U5S.png,0.6245361091028669
000001_789_U5S.png,0.609407312424587
000001_78_L6S.png,0.23448638656021298
000001_790_U5S.png,0.6405206409848058
000001_791_U5S.png,0.5002657430542579
000001_792_U5S.png,0.6564300979177913
000001_793_U5S.png,0.8356327761685054
000001_794_U5S.png,0.9060510004832606
000001_795_U5S.png,0.6485686379185421
000001_796_U5S.png,0.11741560674173922
000001_797_U5S.png,0.06249026689363093
000001_798_U5S.png,0.4606952511411182
000001_799_U5S.png,0.21127269409652383
000001_79_L6S.png,0.5155427829095744
000001_800_U5S.png,0.4373548881321344
000001_801_U6S.png,0.3123312456018602
000001_802_U6S.png,0.43726925879649814
000001_803_U6S.png,0.24986572158597808
000001_804_U6S.png,0.08591930244694884
000001_805_U6S.png,0.4145609005392688
000001_806_U6S.png,0.586092737150554
000001_807_U6S.png,0.023449953315801686
000001_808_U6S.png,0.5310635794661386
000001_809_U6S.png,0.6484319926164446
000001_80_L6S.png,0.13256337898150305
000001_810_U6S.png,0.7108486886855865
000001_811_U6S.png,0.38268235082504065
000001_812_U6S.png,0.28108651876445345
000001_813_U6S.png,0.12466593165553502
000001_814_U6S.png,0.14837864818954508
000001_815_U6S.png,0.21099467541288064
000001_816_U6S.png,0.7343812055123284
000001_817_U6S.png,0.5785677646575518
000001_818_U6S.png,0.6095484848456394
000001_819_U6S.png,0.788963551929388
000001_81_h264_33.png,0.07038819875554629
000001_81_h264_43.png,0.2732757580150524
000001_81_L6S.png,0.6171310095486362
000001_820_U6S.png,0.789011769309804
000001_821_U6S.png,0.07850548560524863
000001_822_U6S.png,0.2030397409681546
000001_823_U6S.png,0.5551776085866172
000001_824_U6S.png,0.6955951930529669
000001_825_U6S.png,0.6172898408129815
000001_826_U6S.png,0.1717662756452561
000001_827_U6S.png,0.0
000001_828_U6S.png,0.11737923603952355
000001_829_U6S.png,0.5392443417654197
000001_82_L6S.png,1.0
000001_830_U6S.png,0.7424033869508398
000001_831_U6S.png,0.9141255627448772
000001_832_U6S.png,0.9139864055424306
000001_833_U6S.png,0.6564742107168056
000001_834_U6S.png,0.9218499925180024
000001_835_U6S.png,0.835838014868678
000001_836_U6S.png,0.8278395212878399
000001_837_U6S.png,0.8902316901275051
000001_838_U6S.png,0.9294496736212805
000001_839_U6S.png,0.9296407703849796
000001_83_h264_43.png,0.6793745138209214
000001_83_L6S.png,1.0
000001_840_U6S.png,0.9609603353990304
000001_841_U6S.png,0.8749771617107363
000001_842_U6S.png,0.898324268578131
000001_843_U6S.png,0.913786102119778
000001_844_U6S.png,0.9843401346762419
000001_845_U6S.png,0.6015139398604139
000001_846_U6S.png,0.6325337346170721
000001_847_U6S.png,0.8590942964699163
000001_848_U6S.png,0.7500816648763533
000001_849_U6S.png,0.8671625729061208
000001_850_U6S.png,0.7652008014974592
000001_851_U6S.png,0.5466245900312204
000001_852_U6S.png,0.6248039937316252
000001_853_U6S.png,0.7024865378632176
000001_854_U6S.png,0.749640262477146
000001_855_U6S.png,0.5306833379300673
000001_856_U6S.png,0.890659604039733
000001_857_U6S.png,0.6094820386046018
000001_858_U6S.png,0.6405568311932281
000001_859_U6S.png,0.8045094847083146
000001_85_L6S.png,0.9376740398174419
000001_860_U6S.png,0.835522564398555
000001_861_U6S.png,0.9373452803415214
000001_862_U6S.png,0.6643826498698973
000001_863_U6S.png,0.3044455688227464
000001_864_U6S.png,0.5468359708588131
000001_865_U6S.png,0.9063567411591513
000001_866_U6S.png,0.9372856327631119
000001_867_U6S.png,0.7265698178774905
000001_868_U6S.png,0.7264219349865647
000001_869_U6S.png,0.7731779603881113
000001_86_L6S.png,0.7815551303228532
000001_870_U6S.png,0.9219556972212823
000001_871_U6S.png,0.5081186491434331
000001_872_U6S.png,0.6409536221879397
000001_873_U6S.png,0.3670683707154133
000001_87_L6S.png,0.6872810864441021
000001_88_L6S.png,0.9452851037997345
000001_89_L6S.png,0.6800280609919027
000001_8_L6S.png,0.11733425386265929
000001_90_L6S.png,0.8981743361799654
000001_91_L6S.png,0.35906405561113935
000001_92_L6S.png,0.99219451221675
000001_93_L6S.png,0.5159433260215512
000001_94_L6S.png,0.929612828512291
000001_96_h264_18.png,0.1952877826282285
000001_96_h264_33.png,0.195209890302726
000001_96_h264_43.png,0.2811050900571024
000001_96_L6S.png,0.40622334620021006
000001_97_L6S.png,0.10202656338378019
000001_98_L6S.png,0.039051263369353786
000001_99_L6S.png,0.3126841541498978
000001_9_L6S.png,0.7411511945730083
000002_100_L6S.png,0.09354775129514038
000002_101_L6D.png,0.3044947654471031
000002_102_L6D.png,0.9922048194412616
000002_103_L6D.png,0.2578294771148799
000002_104_L6D.png,0.586058910364888
000002_105_L6D.png,0.5234745119267394
000002_106_L6D.png,0.17958656517465385
000002_107_L6D.png,0.2811974929960379
000002_108_L6D.png,0.6014676257810297
000002_109_L6D.png,0.7264286900814412
000002_10_L6S.png,0.03125267635869503
000002_110_L6D.png,0.5624468001544816
000002_111_L6D.png,0.7576499629664117
000002_112_L6D.png,0.4767023699808205
000002_113_L6D.png,0.9293983013690001
000002_114_L6D.png,0.9921558739170003
000002_115_L6D.png,0.1872240196400655
000002_117_L6D.png,0.6956583889598548
000002_118_L6D.png,0.578059206967081
000002_119_L6D.png,0.05487541306040567
000002_11_L6S.png,0.14848960582928508
000002_120_L6D.png,0.0
000002_121_L6D.png,0.17159853196974126
000002_122_L6D.png,0.7029626709923877
000002_123_L6D.png,0.6710889887193862
000002_124_L6D.png,0.5938126190379405
000002_125_L6D.png,0.3907539263490668
000002_126_L6D.png,0.3126223041008288
000002_127_L6D.png,0.33569863257213145
000002_128_L6D.png,0.12505494491159347
000002_129_L6D.png,0.22709343245325048
000002_12_L6S.png,0.8278766797135019
000002_130_L6D.png,0.12494112556399486
000002_131_L6D.png,0.9922048248666316
000002_132_L6D.png,0.5310990288983093
000002_133_L6D.png,0.7108118015163936
000002_134_L6D.png,0.468471615542396
000002_135_L6D.png,0.6407672466035387
000002_136_L6D.png,0.46127660124060116
000002_137_L6D.png,0.4061604653602837
000002_138_L6D.png,0.4759318496577289
000002_139_L6D.png,0.015578478620907103
000002_13_L6S.png,0.49226055257763646
000002_140_L6D.png,0.5934018734338462
000002_141_L6D.png,0.5075966674174972
000002_142_L6D.png,0.2191873907212581
000002_143_L6D.png,0.13276157006568967
000002_144_L6D.png,0.039084239924092094
000002_145_L6D.png,0.8595222127102606
000002_146_L6D.png,0.5150818208459406
000002_146_UV6.png,0.530643121534278
000002_147_L6D.png,0.4136403468933897
000002_147_UV6.png,0.460519080899249
000002_148_L6D.png,0.5234259878861027
000002_149_L6D.png,0.4297417685976604
000002_14_L6S.png,0.5777365740645537
000002_150_L6D.png,0.460727652960772
000002_151_L6D.png,0.7968047031494898
000002_152_L6D.png,0.10942312428364667
000002_153_L6D.png,0.007882220458984375
000002_154_L6D.png,0.7654880591301594
000002_155_L6D.png,0.10949239033857375
000002_156_L6D.png,0.7267308755326589
000002_157_L6D.png,0.5861199729577448
000002_158_L6D.png,0.1250952405889077
000002_159_L6D.png,0.3356483368032762
000002_15_h264_18.png,0.23443598931072035
000002_15_h264_33.png,0.2500423047459919
000002_15_h264_43.png,0.36702690224332457
000002_15_L6S.png,0.687577339954039
000002_160_L6D.png,0.13290458300010527
000002_161_L6D.png,0.9375636912117982
000002_161_UV6.png,0.9687373345401973
000002_162_L6D.png,0.3826267000083416
000002_164_L6D.png,0.710864843972564
000002_166_L6D.png,0.7341951206156418
000002_16_L6S.png,0.19538788912792163
000002_170_L6D.png,0.031177095467964173
000002_171_L6D.png,0.9296355634898136
000002_171_UV6.png,0.953046296403121
000002_172_L6D.png,0.7658528292164104
000002_173_L6D.png,0.8828249462559673
000002_174_L6D.png,0.5233580698341986
000002_175_L6D.png,0.38265295431332963
000002_176_L6D.png,0.9377057490012362
000002_176_UV6.png,0.9141733605304626
000002_177_L6D.png,0.8905878931041217
000002_178_L6D.png,0.382891435881975
000002_179_L6D.png,0.5391174228910391
000002_179_UV6.png,0.5780930836024618
000002_17_L6S.png,0.8046957325385846
000002_180_L6D.png,0.609595524107183
000002_180_UV6.png,0.6408607975474043
000002_181_L6D.png,0.1482829673740755
000002_182_L6D.png,0.5306036049632974
000002_183_L6D.png,0.03913266299408026
000002_184_L6D.png,0.6168199427549124
000002_185_L6D.png,0.7185268285079325
000002_186_L6D.png,0.24986729790480766
000002_187_L6D.png,0.18730420770645595
000002_188_L6D.png,0.023337843461555183
000002_189_L6D.png,0.31261274565297686
000002_18_L6S.png,0.8985362463890514
000002_190_L6D.png,0.8825498874587654
000002_191_L6D.png,0.11718605768982465
000002_192_L6D.png,0.22661462521012593
000002_193_L6D.png,0.4453706771012056
000002_194_L6D.png,0.4609535098397431
000002_195_L6D.png,0.48429848477781023
000002_196_L6D.png,0.2732017851605683
000002_198_L6D.png,0.2420928279476498
000002_199_L6D.png,0.6566059379612079
000002_19_L6S.png,0.24181723364858443
000002_1_L6S.png,0.5938124051136805
000002_200_L6D.png,0.7575691553998354
000002_201_U5S.png,0.5702970651190362
000002_202_U5S.png,0.6014614028665811
000002_203_U5S.png,0.43738021988278364
000002_204_U5S.png,0.44529176874492893
000002_205_U5S.png,0.21893324946238288
000002_206_U5S.png,0.7418618313513453
000002_207_U5S.png,0.2345850440576181
000002_208_U5S.png,0.5233008928987546
000002_209_U5S.png,0.39093730288497447
000002_20_L6S.png,0.20291780141931448
000002_210_U5S.png,0.28940656143629384
000002_211_U5S.png,0.3593504416875962
000002_212_U5S.png,0.4293483580659464
000002_213_U5S.png,0.46078927594617425
000002_214_U5S.png,0.22623424657476018
000002_215_U5S.png,0.24980171656212888
000002_216_U5S.png,0.3123549046155545
000002_217_U5S.png,0.46854091897949646
000002_218_U5S.png,0.9373659072512616
000002_219_U5S.png,0.9296433022081626
000002_21_L6S.png,0.8048493354202003
000002_220_U5S.png,0.773380953450338
000002_221_U5S.png,0.04691662444200688
000002_222_U5S.png,0.898473314246721
000002_223_U5S.png,0.5075550700294371
000002_224_U5S.png,0.7811199194996835
000002_225_U5S.png,0.9062413602053487
000002_226_U5S.png,0.8668743398105102
000002_227_U5S.png,0.7580228615493324
000002_228_U5S.png,0.21849962394475886
000002_229_U5S.png,0.8123272869412236
000002_22_L6S.png,0.17180182615105524
000002_230_U5S.png,0.8361295207850331
000002_231_U5S.png,0.6558289608338566
000002_233_U5S.png,0.13284615073984976
000002_234_U5S.png,0.7960020603102075
000002_235_U5S.png,0.4688308550348249
000002_236_U5S.png,0.8430902573606369
000002_237_U5S.png,0.6479962142921902
000002_238_U5S.png,0.44519247705884396
000002_239_U5S.png,0.07822074030569018
000002_23_L6S.png,0.5072540368516397
000002_240_U5S.png,0.34353926662113415
000002_241_U5S.png,0.23439456842703577
000002_242_U5S.png,0.5232925456244164
000002_243_U5S.png,1.0
000002_244_U5S.png,0.0
000002_244_UV6.png,0.0
000002_245_U5S.png,0.2890265516819042
000002_246_U5S.png,0.4530429914216511
000002_247_U5S.png,0.29669378150809855
000002_248_U5S.png,0.007805487783249974
000002_249_U5S.png,0.6720058665861093
000002_24_L6S.png,0.39842068676766396
000002_250_U5S.png,0.5776853918143025
000002_251_U5S.png,0.2969188145033048
000002_252_U5S.png,0.085821197609869
000002_253_U5S.png,0.4296360425399835
000002_254_U5S.png,0.1406763339732815
000002_255_U5S.png,0.4920909014760136
000002_256_U5S.png,0.03906192335489889
000002_257_U5S.png,0.4606173287265991
000002_258_U5S.png,0.4453846186998459
000002_259_U5S.png,0.8439305209988318
000002_259_UV6.png,0.7970630792582919
000002_25_L6S.png,0.10947446620801568
000002_260_U5S.png,0.3047214739965515
000002_261_U5S.png,0.4763954150218076
000002_262_U5S.png,0.07831723704642113
000002_263_U5S.png,0.10150998563278552
000002_264_U5S.png,0.24260133341858076
000002_265_U5S.png,0.046991887002169004
000002_266_U5S.png,0.41401093956333557
000002_267_U5S.png,0.2967599024108224
000002_268_U5S.png,0.2965924395062945
000002_269_U5S.png,0.0
000002_26_L6S.png,0.218597722174774
000002_270_U5S.png,0.6253161124491297
000002_270_UV6.png,0.6798391187664481
000002_271_U5S.png,0.5545768365680536
000002_272_U5S.png,0.7580948511716599
000002_273_U5S.png,0.35966398000697286
000002_274_U5S.png,0.2969073296849445
000002_275_U5S.png,0.10140244764867382
000002_276_U5S.png,0.11716774750481546
000002_277_U5S.png,0.17963248018319783
000002_278_U5S.png,0.3670664432582485
000002_279_U5S.png,0.02339399335360924
000002_27_L6S.png,0.46095350580112726
000002_280_U5S.png,0.9766638038839345
000002_280_UV6.png,0.984435043640381
000002_281_U5S.png,0.0
000002_282_U5S.png,0.34338902607329935
000002_283_U5S.png,0.7349391399343612
000002_283_UV6.png,0.7115145080069698
000002_284_U5S.png,0.8828498151181194
000002_285_U5S.png,0.656185470141458
000002_285_UV6.png,0.6327314334809171
000002_286_U5S.png,0.8906703661140021
000002_286_UV6.png,0.8828179203173807
000002_287_U5S.png,0.5073048555002276
000002_287_UV6.png,0.5542959405720054
000002_288_U5S.png,0.11758226433055362
000002_288_UV6.png,0.13319806350133429
000002_289_U5S.png,0.7580058010390479
000002_289_UV6.png,0.7030788031588826
000002_28_L6S.png,0.7969868588710256
000002_290_U5S.png,0.8751094147023315
000002_290_UV6.png,0.8907540239433728
000002_291_U5S.png,0.4215116162183113
000002_291_UV6.png,0.36685350875324274
000002_292_U5S.png,0.3044067075344596
000002_293_U5S.png,0.4217358153924389
000002_294_U5S.png,0.15654993149597213
000002_295_U5S.png,0.09365764899087242
000002_296_U5S.png,0.0390721763928211
000002_297_U5S.png,0.6793115191282768
000002_298_U5S.png,0.0
000002_299_U5S.png,0.45295263094963945
000002_29_L6S.png,0.6094898293060527
000002_2_L6S.png,0.2812698957911818
000002_300_U5S.png,0.023417747531914127
000002_301_U6S.png,0.5702323567188403
000002_302_U6S.png,0.0
000002_303_U6S.png,0.9063728985296491
000002_304_U6S.png,0.12493743197738826
000002_304_UV6.png,0.12493743197738826
000002_305_U6S.png,0.8751985978146297
000002_306_U6S.png,0.35164946778901035
000002_307_U6S.png,0.9059350883665407
000002_308_U6S.png,0.5622530859439667
000002_309_U6S.png,0.921952796466693
000002_30_h264_18.png,0.007827381540360195
000002_30_h264_33.png,0.02340586233462122
000002_30_h264_43.png,0.07025728793608767
000002_30_L6S.png,0.015610681757929972
000002_310_U6S.png,0.8124180024331636
000002_311_U6S.png,0.468626388815833
000002_311_UV6.png,0.468626388815833
000002_312_U6S.png,0.14048970461459223
000002_313_U6S.png,0.20286980817560937
000002_314_U6S.png,0.0
000002_315_U6S.png,0.835500464954276
000002_316_U6S.png,0.906350324462768
000002_317_U6S.png,0.10147294822103173
000002_318_U6S.png,0.4917272276585553
000002_319_U6S.png,0.2656133483237645
000002_31_L6S.png,0.710833807502977
000002_320_U6S.png,0.26522285512014027
000002_321_U6S.png,0.7341651255537258
000002_322_U6S.png,1.0
000002_323_U6S.png,0.007771239756446601
000002_324_U6S.png,0.2496741422430881
000002_325_U6S.png,0.9688108260846304
000002_326_U6S.png,0.7963549449992178
000002_327_U6S.png,0.539047542509171
000002_327_UV6.png,0.539047542509171
000002_329_U6S.png,0.9141733605304626
000002_32_L6S.png,0.023449953333754513
000002_330_U6S.png,0.10151189688681586
000002_331_U6S.png,0.5076060588997522
000002_332_U6S.png,0.5472946402064509
000002_333_U6S.png,0.8281725269266023
000002_334_U6S.png,0.4919095370439416
000002_335_U6S.png,0.24989559011346968
000002_336_U6S.png,0.04685074896146285
000002_337_U6S.png,0.8358674627121161
000002_337_UV6.png,0.8358674627121161
000002_338_U6S.png,0.7656883607701833
000002_338_UV6.png,0.7656883607701833
000002_339_U6S.png,0.3435594814908007
000002_33_L6S.png,0.06253894038157556
000002_340_U6S.png,0.35986431877048364
000002_341_U6S.png,0.39087837155720334
000002_341_UV6.png,0.39087837155720334
000002_342_U6S.png,0.43804427844495186
000002_343_U6S.png,1.0
000002_343_UV6.png,1.0
000002_344_U6S.png,0.8904293994614068
000002_345_U6S.png,0.17976649419171867
000002_346_U6S.png,0.07045196221751265
000002_347_U6S.png,0.33633362745942114
000002_348_U6S.png,0.7420890863164281
000002_349_U6S.png,0.56245625184794
000002_34_L6S.png,0.3591852834287599
000002_350_U6S.png,0.9609249803697966
000002_351_U6S.png,0.9844097284588386
000002_352_U6S.png,0.945212745262334
000002_352_UV6.png,0.945212745262334
000002_353_U6S.png,0.523319968134442
000002_354_U6S.png,0.6566188892861742
000002_355_U6S.png,0.36741525895130206
000002_356_U6S.png,0.750122000804549
000002_357_U6S.png,0.9217476231915916
000002_358_U6S.png,0.5233480864858996
000002_358_UV6.png,0.5233480864858996
000002_359_U6S.png,0.8358819483964307
000002_35_L6S.png,0.8359173923677445
000002_360_U6S.png,0.640634232728997
000002_361_U6S.png,0.37514152490644814
000002_362_U6S.png,0.7575216080062718
000002_363_U6S.png,0.7032324829471255
000002_364_U6S.png,0.3981436892866471
000002_365_U6S.png,0.6793751090041169
000002_366_U6S.png,0.5157954094044868
000002_367_U6S.png,0.08589783375352487
000002_368_U6S.png,0.007827386378531635
000002_369_U6S.png,0.8907116897115969
000002_36_h264_18.png,0.1090667030630331
000002_36_h264_33.png,0.17155128234140293
000002_36_h264_43.png,0.23403291960154188
000002_36_L6S.png,0.07017287569705327
000002_370_U6S.png,0.5700727557950014
000002_370_UV6.png,0.5700727557950014
000002_371_U6S.png,0.7110850624860784
000002_371_UV6.png,0.7110850624860784
000002_372_U6S.png,0.35929431848652504
000002_373_U6S.png,0.523006395225387
000002_374_U6S.png,0.36700320246355256
000002_375_U6S.png,0.6638565167990808
000002_376_U6S.png,0.976517841172569
000002_377_U6S.png,0.8433621078289897
000002_378_U6S.png,0.8593293583113268
000002_379_U6S.png,0.7733995467458983
000002_37_L6S.png,0.04678524692587688
000002_380_U6S.png,0.14841358064801904
000002_381_U6S.png,1.0
000002_382_U6S.png,0.7809837113349173
000002_383_U6S.png,0.7734746388393785
000002_384_U6S.png,0.5619318128070974
000002_385_U6S.png,0.3121744637428285
000002_386_U6S.png,0.7025655620372451
000002_387_U6S.png,0.5705142068101317
000002_388_U6S.png,0.765675752386535
000002_389_U6S.png,0.03912504049685571
000002_38_L6S.png,0.6326136806234217
000002_390_U6S.png,0.3829097729706438
000002_391_U6S.png,0.3435708664864701
000002_392_U6S.png,0.7965704201604376
000002_393_U6S.png,0.039193816787330284
000002_394_U6S.png,0.3127296440162677
000002_395_U6S.png,0.1796774123924663
000002_396_U6S.png,0.8983622040370836
000002_397_U6S.png,0.5859877452224267
000002_398_U6S.png,0.6796941214105934
000002_39_L6S.png,0.24187639140029668
000002_3_L6S.png,0.27381165678373376
000002_406_U5D.png,0.9921726184596398
000002_40_L6S.png,0.2812698957911818
000002_411_U5D.png,0.8749943961676934
000002_416_U5D.png,0.819923063345726
000002_422_U5D.png,0.6714456996046484
000002_425_U5D.png,0.24254249158703622
000002_426_U5D.png,0.2889098120429349
000002_42_L6S.png,0.21101394089394132
000002_434_U5D.png,0.9688349538101863
000002_436_U5D.png,0.9607794883189047
000002_445_U5D.png,0.7500282559223408
000002_446_U5D.png,0.3125041851958627
000002_44_L6S.png,0.44569290310784526
000002_456_U5D.png,0.19548130786463278
000002_457_U5D.png,0.9452127528966956
000002_458_U5D.png,0.21851961943233392
000002_468_U5D.png,0.4219550567180177
000002_470_U5D.png,0.1954844848491391
000002_471_U5D.png,0.49224269596835885
000002_472_U5D.png,0.9453000467583377
000002_473_U5D.png,1.0
000002_474_U5D.png,0.5078010087004455
000002_476_U5D.png,0.27341342474580566
000002_477_U5D.png,0.8279660043937669
000002_478_U5D.png,0.5308509446313376
000002_479_U5D.png,0.9295586980247577
000002_47_L6S.png,0.007844129545829635
000002_481_U5D.png,0.5542540715006467
000002_482_U5D.png,0.4293483580659464
000002_483_U5D.png,0.17183683065168448
000002_484_U5D.png,0.24226566552108592
000002_485_U5D.png,0.3282266081196189
000002_486_U5D.png,0.44530057038831233
000002_487_U5D.png,0.5776853918143025
000002_488_U5D.png,0.21078132155079882
000002_489_U5D.png,0.4293483580659464
000002_48_L6S.png,0.3984312348906683
000002_490_U5D.png,0.7501375818234062
000002_491_U5D.png,0.46078927594617425
000002_492_U5D.png,0.22623424657476018
000002_493_U5D.png,0.14040081236655427
000002_494_U5D.png,0.2424694928495813
000002_495_U5D.png,0.10174012421161012
000002_496_U5D.png,0.42175069514531943
000002_498_U5D.png,0.3048340756684818
000002_49_h264_33.png,0.1094014161093609
000002_499_U5D.png,0.6095047287117019
000002_49_h264_43.png,0.265380054801056
000002_49_L6S.png,0.4372289425852573
000002_4_L6S.png,0.6558278150432111
000002_500_U5D.png,0.4997778535862783
000002_502_UV6.png,0.08593251146838247
000002_503_UV6.png,0.5076209946997035
000002_504_UV6.png,0.9297894053029209
000002_505_UV6.png,0.8981252146575305
000002_506_UV6.png,0.9609809851447786
000002_507_UV6.png,0.39064212688572064
000002_508_UV6.png,0.20302160959225185
000002_510_UV6.png,0.4219756537112888
000002_511_UV6.png,0.6013688294977899
000002_512_UV6.png,0.8437624306432447
000002_513_UV6.png,0.5622445367318789
000002_514_UV6.png,0.49991771147599984
000002_515_UV6.png,0.5074269450942075
000002_516_UV6.png,0.734122814754877
000002_517_UV6.png,0.32810005845567425
000002_518_UV6.png,0.7027522111995199
000002_519_UV6.png,0.718573742383414
000002_51_h264_33.png,0.4220349268864256
000002_51_h264_43.png,0.7579937551314316
000002_51_L6S.png,0.922015994574365
000002_520_UV6.png,0.984316748996379
000002_522_UV6.png,0.06267045837480607
000002_521_UV6.png,0.5079583148828415
000002_523_UV6.png,0.46875161113855546
000002_524_UV6.png,0.734122814754877
000002_525_UV6.png,0.7725664834107264
000002_526_UV6.png,0.5936632540979946
000002_527_UV6.png,0.2576243452984851
000002_528_UV6.png,0.0311806163645751
000002_529_UV6.png,0.7577952715351381
000002_52_L6S.png,0.5699265599569784
000002_530_UV6.png,0.3906311374869856
000002_531_UV6.png,0.14071182566023493
000002_532_UV6.png,0.42198539837286836
000002_533_UV6.png,0.3201939919321892
000002_534_UV6.png,0.812513674335313
000002_535_UV6.png,0.8201026557235112
000002_536_UV6.png,0.6712347702917865
000002_537_UV6.png,0.9921558739170003
000002_538_UV6.png,0.49212246929031594
000002_539_UV6.png,0.8282300273249378
000002_540_UV6.png,0.5863500745649369
000002_541_UV6.png,0.22669689293448936
000002_542_UV6.png,0.21111840886065192
000002_543_UV6.png,0.32015932310766365
000002_544_UV6.png,0.7105527918088679
000002_545_UV6.png,0.21111840887025934
000002_546_UV6.png,0.570376098506205
000002_547_UV6.png,0.2111475362913574
000002_548_UV6.png,0.6483857205655863
000002_549_UV6.png,0.5625436425738074
000002_54_L6S.png,0.2733008967677459
000002_550_UV6.png,0.2343337686522041
000002_551_UV6.png,0.8202060256518896
000002_552_UV6.png,0.2417178941418879
000002_553_UV6.png,0.3982299231093025
000002_554_UV6.png,0.53124040603277
000002_555_UV6.png,0.4376308733053709
000002_556_UV6.png,0.41369198767814874
000002_557_UV6.png,0.34390553188696793
000002_558_UV6.png,0.4064233973785539
000002_559_UV6.png,0.5233799304750242
000002_55_L6S.png,0.10171399657250521
000002_560_UV6.png,0.5311771439377666
000002_561_UV6.png,0.49202742214498424
000002_562_UV6.png,0.6873187883484067
000002_563_UV6.png,0.8986939390114201
000002_564_UV6.png,0.5386654886243682
000002_565_UV6.png,0.3434865036893917
000002_566_UV6.png,0.15631852906413457
000002_567_UV6.png,0.9063705157489625
000002_568_UV6.png,0.21115321045453572
000002_569_UV6.png,0.7109329903315855
000002_56_L6S.png,0.3670117429153984
000002_570_UV6.png,0.37471728227371587
000002_571_UV6.png,0.320216125815374
000002_572_UV6.png,0.29668709977568913
000002_573_UV6.png,0.6013220880757141
000002_574_UV6.png,0.2573412689842096
000002_575_UV6.png,0.17168746000152418
000002_576_UV6.png,0.10910930613662195
000002_577_UV6.png,0.11700289827476491
000002_578_UV6.png,0.01562248460887838
000002_579_UV6.png,0.24179814120968388
000002_57_L6S.png,0.5546748408454897
000002_580_UV6.png,0.41423797178728733
000002_585_UV6.png,0.17156792624060174
000002_586_UV6.png,0.2964452256673298
000002_587_UV6.png,0.8590339745116289
000002_588_UV6.png,0.01576444091796875
000002_589_UV6.png,0.023437850863986306
000002_58_L6S.png,0.773037033452689
000002_590_UV6.png,0.24230405506865454
000002_591_UV6.png,0.3515291183391035
000002_592_UV6.png,0.5698559191500063
000002_593_UV6.png,0.6793395729080912
000002_594_UV6.png,0.28099020120945767
000002_595_UV6.png,0.3124146928476291
000002_596_UV6.png,0.6246984857587257
000002_597_UV6.png,0.18750791099065564
000002_598_UV6.png,0.4606699666019988
000002_599_UV6.png,0.35121845928812334
000002_59_L6S.png,0.64044013895787
000002_5_L6S.png,0.5162052890037953
000002_600_UV6.png,0.31987524506334597
000002_601_h264_18.png,0.06259341663433744
000002_601_h264_33.png,0.11740260673905788
000002_601_h264_43.png,0.20320401580057146
000002_601_L6S.png,0.39039431238320355
000002_602_h264_43.png,0.226730044088784
000002_602_L6S.png,0.46084417162127195
000002_603_h264_43.png,0.19541002059160087
000002_603_L6S.png,0.4220278166556591
000002_604_h264_43.png,0.04694312482496554
000002_604_L6S.png,0.08611466266933337
000002_605_h264_43.png,0.5624813478569239
000002_605_L6S.png,0.7890176445729055
000002_606_h264_43.png,0.22642021851730137
000002_606_L6S.png,0.24199225538992564
000002_607_h264_43.png,0.23432115358899433
000002_607_L6S.png,0.5078305922310669
000002_608_h264_18.png,0.4838580584227048
000002_608_h264_33.png,0.546399673998706
000002_608_h264_43.png,0.6401628308428113
000002_608_L6S.png,0.7811947460805024
000002_609_h264_43.png,0.21866829459622672
000002_609_L6S.png,0.24190492475375447
000002_60_h264_33.png,0.05465581310068281
000002_60_h264_43.png,0.23438429475915362
000002_60_L6S.png,0.6559370293902037
000002_610_h264_18.png,0.039056872970291735
000002_610_L6S.png,0.29649790218388095
000002_611_h264_43.png,0.1485020314627379
000002_611_h264_33.png,0.08606233438354882
000002_611_L6S.png,0.296483936037853
000002_612_h264_43.png,0.03131108309943199
000002_612_L6S.png,0.0
000002_613_L6S.png,0.4763009707810867
000002_614_h264_43.png,0.43741435284466823
000002_614_L6S.png,0.5312334029077047
000002_615_h264_43.png,0.2342805575259493
000002_615_L6S.png,0.21080201132971915
000002_616_h264_43.png,0.21059448248746432
000002_616_L6S.png,0.6794852348234336
000002_617_h264_43.png,0.10142271617043548
000002_618_h264_43.png,0.07027153115441717
000002_618_L6S.png,0.35993070392768717
000002_619_h264_18.png,0.2502906479106291
000002_619_h264_43.png,0.21113938914673308
000002_619_L6S.png,0.49252378263536156
000002_61_L6S.png,0.867402203800735
000002_620_h264_33.png,0.07796661839429454
000002_620_h264_43.png,0.2030436399979929
000002_620_L6S.png,0.39884965770808334
000002_621_L6S.png,0.26594278608340527
000002_622_L6S.png,0.08584490845064355
000002_623_L6S.png,0.14828182453750294
000002_624_h264_43.png,0.4220455075084193
000002_624_L6S.png,0.08599395899146109
000002_625_h264_18.png,0.2739115676217936
000002_625_h264_33.png,0.1016017237127267
000002_625_h264_43.png,0.14050802100966547
000002_625_L6S.png,0.8124157147016114
000002_626_h264_33.png,0.5698474037090022
000002_626_L6S.png,0.7809815822677604
000002_627_h264_33.png,0.3281138058557691
000002_627_L6S.png,0.6714587388277597
000002_628_h264_18.png,0.16412218656954725
000002_628_h264_43.png,0.49236871250899145
000002_628_L6S.png,0.6249939458806684
000002_629_L6S.png,0.31259942379931255
000002_62_h264_33.png,0.29691352268846305
000002_62_h264_43.png,0.594132259746908
000002_62_L6S.png,0.7031529620655841
000002_630_h264_18.png,0.0
000002_630_h264_33.png,0.0
000002_630_h264_43.png,0.0
000002_630_L6S.png,0.0
000002_631_h264_43.png,0.17180121467696932
000002_631_L6S.png,0.3515654706955304
000002_632_h264_18.png,0.07040213036148839
000002_632_L6S.png,0.2109747555296182
000002_633_L6S.png,0.24991994133796774
000002_634_h264_33.png,0.023348812531487365
000002_634_h264_43.png,0.007783300217569778
000002_634_L6S.png,0.0233477244102654
000002_635_h264_43.png,0.0703094686439366
000002_635_L6S.png,0.031231473680220685
000002_636_L6S.png,0.26600340479186685
000002_637_L6S.png,0.7107498056348812
000002_638_h264_43.png,0.1485784579136812
000002_638_L6S.png,0.17975727357382396
000002_639_h264_43.png,0.859330238379481
000002_639_L6S.png,0.9688108872607024
000002_63_L6S.png,0.03907647005714615
000002_640_h264_43.png,0.2343143840426125
000002_640_L6S.png,0.12473404074787266
000002_641_h264_18.png,0.10939514986011109
000002_641_h264_33.png,0.15631071665064633
000002_641_h264_43.png,0.15634414572436175
000002_641_L6S.png,0.1485374710452832
000002_642_h264_43.png,0.14059078142437453
000002_642_L6S.png,0.24229834302565503
000002_643_h264_43.png,0.34365816926506854
000002_643_L6S.png,0.49191404733804345
000002_644_h264_43.png,0.4063174009560348
000002_644_L6S.png,0.42990594186764447
000002_645_h264_33.png,0.29656029060413214
000002_645_h264_43.png,0.35172066135173263
000002_645_L6S.png,0.5625510205154768
000002_646_h264_33.png,0.22659251470494302
000002_646_h264_43.png,0.2578921872001086
000002_646_L6S.png,0.25779571353349123
000002_647_h264_33.png,0.19530399784644475
000002_647_L6S.png,0.23439323928688893
000002_648_h264_33.png,0.32023992117741384
000002_648_h264_43.png,0.4686055315136337
000002_648_L6S.png,0.5077397744193388
000002_649_h264_43.png,0.32821766665340846
000002_649_L6S.png,0.49962210001474233
000002_64_L6S.png,0.6175578723479451
000002_650_h264_18.png,0.0
000002_650_h264_33.png,0.0
000002_650_h264_43.png,0.02340107532770115
000002_650_L6S.png,0.0
000002_651_h265_18.png,0.1405083451699966
000002_651_h265_33.png,0.14049720325094187
000002_651_h265_43.png,0.19530484253125183
000002_651_L6S.png,0.16401954271072822
000002_652_h265_33.png,0.17191254889530766
000002_652_h265_43.png,0.21100165869993462
000002_652_L6S.png,0.5550888713002399
000002_653_h265_18.png,0.06255894208941304
000002_653_h265_43.png,0.09393386814517789
000002_653_L6S.png,0.15647408240005942
000002_654_h265_18.png,0.007844061688518525
000002_654_h265_43.png,0.1564172178724697
000002_654_L6S.png,0.3359296498821221
000002_655_h265_33.png,0.03128633436228172
000002_655_L6S.png,0.29703983956314317
000002_656_h265_43.png,0.12478872465012938
000002_656_L6S.png,0.48419809203579256
000002_657_h265_18.png,0.05476652332559813
000002_657_h265_33.png,0.1094767053950494
000002_657_h265_43.png,0.22664844039638538
000002_658_h265_33.png,0.046859214025671045
000002_657_L6S.png,0.34397854734547445
000002_658_h265_43.png,0.07792585049576814
000002_658_L6S.png,0.023415848997487904
000002_659_h265_33.png,0.0937212753519503
000002_659_h265_43.png,0.10927279367440633
000002_659_L6S.png,0.19520057797250234
000002_65_L6S.png,0.8984445299990793
000002_660_h265_18.png,0.0
000002_660_L6S.png,0.007844129554189706
000002_661_h265_43.png,0.07016161014889083
000002_661_L6S.png,0.21092461702304335
000002_662_h265_18.png,0.09370453170649434
000002_662_h265_43.png,0.2657615416483681
000002_662_L6S.png,0.47646983710918545
000002_663_h265_33.png,0.09354271765731564
000002_663_L6S.png,0.04666585148469925
000002_664_h265_43.png,0.3753464306392482
000002_664_L6S.png,0.4532992841878125
000002_665_h265_43.png,0.5701226031841373
000002_665_L6S.png,0.7026462088017991
000002_669_h265_18.png,0.031212834569088632
000002_669_h265_43.png,0.03114509084209402
000002_669_L6S.png,0.20303907035644725
000002_66_h264_33.png,0.17225641242697964
000002_66_h264_43.png,0.6953622192042812
000002_66_L6S.png,0.7580641581684642
000002_670_h265_18.png,0.10939325266386589
000002_670_h265_43.png,0.2498465287583273
000002_670_L6S.png,0.46860654161685505
000002_675_h265_43.png,0.5000027425799969
000002_675_L6S.png,0.789065474445626
000002_676_L6S.png,0.6719341078549159
000002_676_vp9_45.png,0.007827386100229398
000002_676_vp9_60.png,0.14819321699248844
000002_677_L6S.png,0.8360099321620882
000002_677_vp9_45.png,0.07028986752784351
000002_677_vp9_60.png,0.0703259477252837
000002_678_L6S.png,0.6873481514862414
000002_678_vp9_45.png,0.2811858694491229
000002_678_vp9_60.png,0.33561714672529924
000002_679_L6S.png,0.9059331570870313
000002_679_vp9_45.png,0.3200678520794054
000002_679_vp9_60.png,0.4215201548719614
000002_67_L6S.png,0.5697897991374312
000002_680_L6S.png,0.30476865118265806
000002_680_vp9_28.png,0.11714414769267606
000002_680_vp9_45.png,0.13286430084407913
000002_680_vp9_60.png,0.19516850651116768
000002_681_L6S.png,0.19502708518400685
000002_681_vp9_45.png,0.12488302450023268
000002_681_vp9_60.png,0.2810641944633342
000002_682_L6S.png,0.4918712813369985
000002_682_vp9_28.png,0.25784377266469594
000002_682_vp9_45.png,0.3199882214566862
000002_682_vp9_60.png,0.3282390339455664
000002_683_L6S.png,0.617339747867372
000002_683_vp9_45.png,0.1563449785818684
000002_683_vp9_60.png,0.26568250429970053
000002_684_L6S.png,0.6875002817389335
000002_684_vp9_60.png,0.16411792538164205
000002_685_L6S.png,0.40631071248146367
000002_685_vp9_60.png,0.21868386887224459
000002_686_L6S.png,0.3512057414126748
000002_686_vp9_45.png,0.24178453314423132
000002_686_vp9_60.png,0.24221068675235788
000002_687_L6S.png,0.8827725142761
000002_687_vp9_60.png,0.24969710718152574
000002_688_L6S.png,0.4295763634798011
000002_688_vp9_60.png,0.08587404470549762
000002_689_L6S.png,0.6254975817134358
000002_689_vp9_28.png,0.31298850483048346
000002_689_vp9_45.png,0.24246392424455643
000002_689_vp9_60.png,0.2734693839344522
000002_68_L6S.png,0.976650096248237
000002_690_L6S.png,0.6563877364549082
000002_690_vp9_45.png,0.10935999208189032
000002_690_vp9_60.png,0.09377083141575776
000002_691_L6S.png,0.21889121441582704
000002_691_vp9_45.png,0.2659238395540581
000002_691_vp9_60.png,0.3050308427078223
000002_692_L6S.png,0.5933171679405931
000002_692_vp9_45.png,0.17950750827161743
000002_692_vp9_60.png,0.20277064040040632
000002_693_L6S.png,0.12482824169888619
000002_693_vp9_45.png,0.0
000002_693_vp9_60.png,0.007782212096347809
000002_694_L6S.png,0.37501190443347154
000002_694_vp9_28.png,0.05453553940401193
000002_694_vp9_45.png,0.08584970999907822
000002_694_vp9_60.png,0.10150786049645977
000002_695_L6S.png,0.7263342925304762
000002_695_vp9_45.png,0.17966169296484186
000002_695_vp9_60.png,0.1796241139696116
000002_696_L6S.png,0.14091264558476724
000002_696_vp9_45.png,0.07051529830195975
000002_696_vp9_60.png,0.0548284017020948
000002_697_L6S.png,0.28112471664812166
000002_697_vp9_60.png,0.09380380370591992
000002_698_L6S.png,0.7654627340693674
000002_698_vp9_60.png,0.08618465754114887
000002_699_L6S.png,0.1876443831776241
000002_699_vp9_60.png,0.07836482887111332
000002_69_L6S.png,0.42954703107786263
000002_6_L6S.png,0.523210882665754
000002_700_L6S.png,0.4844661603255923
000002_700_vp9_60.png,0.18767820847482286
000002_701_U5S.png,0.5231646146213254
000002_702_U5S.png,0.35195134296330677
000002_703_U5S.png,0.14835618434426692
000002_704_U5S.png,0.1327588942844895
000002_705_U5S.png,0.3512363197702206
000002_706_U5S.png,0.08587725017185394
000002_707_U5S.png,0.031330397020688905
000002_708_U5S.png,0.015591214385752856
000002_709_U5S.png,0.7574946428003916
000002_70_h264_33.png,0.3126363195070775
000002_70_h264_43.png,0.45328263790943935
000002_70_L6S.png,0.6327640812824447
000002_710_U5S.png,0.17965030806875312
000002_711_U5S.png,0.2341545809259341
000002_712_U5S.png,0.9766418338437091
000002_713_U5S.png,0.015542479512893202
000002_714_U5S.png,0.10923043731083304
000002_715_U5S.png,0.039057057662795075
000002_716_U5S.png,0.2893002962642251
000002_717_U5S.png,0.8513272229884551
000002_718_U5S.png,0.2812129322794294
000002_719_U5S.png,0.28937095842123306
000002_71_L6S.png,0.4450113160683719
000002_720_U5S.png,0.1951432449540949
000002_721_U5S.png,0.46060913009621474
000002_722_U5S.png,0.3595022040694213
000002_723_U5S.png,0.4921202454192206
000002_724_U5S.png,0.48420761402963886
000002_725_U5S.png,0.593901352434194
000002_726_U5S.png,0.718549590233907
000002_727_U5S.png,0.9142404073097975
000002_728_U5S.png,0.48422046370961636
000002_729_U5S.png,0.632332607477552
000002_72_L6S.png,0.8352807517511667
000002_730_U5S.png,0.5004241974651114
000002_731_U5S.png,0.05456626335197473
000002_732_U5S.png,0.7810354963324782
000002_733_U5S.png,0.9297401184546369
000002_734_U5S.png,1.0
000002_735_U5S.png,0.7340752335617576
000002_736_U5S.png,0.015686964290460764
000002_737_U5S.png,0.6323676178891443
000002_738_U5S.png,0.24950780613230253
000002_739_U5S.png,0.04681159466104938
000002_73_L6S.png,0.8594668064278662
000002_740_U5S.png,0.09375753504937398
000002_741_U5S.png,0.06249226218631938
000002_742_U5S.png,0.7337579671849453
000002_743_U5S.png,0.24182906768781764
000002_744_U5S.png,0.5935070075625715
000002_745_U5S.png,0.015622566676920645
000002_746_U5S.png,0.36689692833168075
000002_747_U5S.png,0.2341895364785297
000002_748_U5S.png,0.17185634043662118
000002_749_U5S.png,0.07022948841743748
000002_74_L6S.png,0.02333403869410658
000002_750_U5S.png,0.1642223891619497
000002_751_U5S.png,0.06242538523100631
000002_752_U5S.png,0.0234127274883802
000002_753_U5S.png,0.13275478214186676
000002_754_U5S.png,0.17935640267080108
000002_755_U5S.png,0.10922191412428653
000002_756_U5S.png,0.18733420562370892
000002_757_U5S.png,0.01558743320634479
000002_758_U5S.png,0.14814522268772815
000002_759_U5S.png,0.17187461155821876
000002_75_h264_18.png,0.22683083593133124
000002_75_h264_33.png,0.2191790995701499
000002_75_h264_43.png,0.5238244835578088
000002_75_L6S.png,0.6250196219036013
000002_760_U5S.png,0.06252163747984275
000002_761_U5S.png,0.14813604856323692
000002_762_U5S.png,0.0
000002_763_U5S.png,0.156013817483479
000002_764_U5S.png,0.11712922326608699
000002_765_U5S.png,0.42936983407788515
000002_766_U5S.png,0.6168673538023768
000002_767_U5S.png,0.6879937834721147
000002_768_U5S.png,0.39021961246426184
000002_769_U5S.png,0.27317126159689975
000002_76_L6S.png,0.5777365740645537
000002_770_U5S.png,0.4919825963843238
000002_771_U5S.png,0.5385188767439171
000002_772_U5S.png,0.4925756439129879
000002_773_U5S.png,0.5313533234941303
000002_774_U5S.png,0.562661436516194
000002_775_U5S.png,0.5468050772737738
000002_776_U5S.png,0.5001880051242722
000002_777_U5S.png,0.6015314199141276
000002_778_U5S.png,0.3281261797737204
000002_779_U5S.png,0.624855569451621
000002_77_L6S.png,0.15619840058878606
000002_780_U5S.png,0.29735641242295396
000002_781_U5S.png,0.48452948497881265
000002_782_U5S.png,0.500340782850742
000002_783_U5S.png,0.4532076558842343
000002_784_U5S.png,0.40648661244586426
000002_785_U5S.png,0.2344138935073877
000002_786_U5S.png,0.86713645623758
000002_787_U5S.png,0.9766134587985884
000002_788_U5S.png,0.6561270201480262
000002_789_U5S.png,0.578069823803593
000002_78_L6S.png,0.2032103406948077
000002_790_U5S.png,0.49187601802820174
000002_791_U5S.png,0.374731704469353
000002_792_U5S.png,0.3590601920227525
000002_793_U5S.png,0.4843063550819228
000002_794_U5S.png,0.8826092472610083
000002_795_U5S.png,0.13283118298109342
000002_796_U5S.png,0.07041117777283569
000002_797_U5S.png,0.046820032393380215
000002_798_U5S.png,0.124784345082103
000002_799_U5S.png,0.7967876137244093
000002_79_L6S.png,0.7109237977165053
000002_800_U5S.png,0.718325247717851
000002_801_U6S.png,0.8594566299132933
000002_802_U6S.png,0.49204681531505173
000002_803_U6S.png,0.5081213400432308
000002_804_U6S.png,0.359820753169949
000002_805_U6S.png,0.43807081300042894
000002_806_U6S.png,0.5706448128806177
000002_807_U6S.png,0.3591760437364109
000002_808_U6S.png,0.5545392455427944
000002_809_U6S.png,0.6639320096133228
000002_80_L6S.png,0.14060894654168304
000002_810_U6S.png,0.8124400445194296
000002_811_U6S.png,0.36720787548359685
000002_812_U6S.png,0.265424327603424
000002_813_U6S.png,0.6089677510378189
000002_814_U6S.png,0.390352725091468
000002_815_U6S.png,0.4221870329976977
000002_816_U6S.png,0.8671223685712515
000002_817_U6S.png,0.6488094755193643
000002_818_U6S.png,0.5942179659965756
000002_819_U6S.png,0.72660930980789
000002_81_h264_18.png,0.460633755302092
000002_81_h264_33.png,0.2108642172049674
000002_81_h264_43.png,0.3750125751411722
000002_81_L6S.png,0.5934280661927246
000002_820_U6S.png,0.7417279258426063
000002_821_U6S.png,0.10184955909322697
000002_822_U6S.png,0.28904056309310444
000002_823_U6S.png,0.5552510349877717
000002_824_U6S.png,0.6330176346769469
000002_825_U6S.png,0.7109216313856931
000002_826_U6S.png,0.20296193924588213
000002_827_U6S.png,0.03116490428730793
000002_828_U6S.png,0.6955243465300299
000002_829_U6S.png,0.5005202342794661
000002_82_L6S.png,1.0
000002_830_U6S.png,0.11716406350674662
000002_831_U6S.png,0.6955091151921682
000002_832_U6S.png,0.9450664502488979
000002_833_U6S.png,0.8905472933196791
000002_834_U6S.png,0.6176644552812214
000002_835_U6S.png,0.8825737963810689
000002_836_U6S.png,0.9137640785899187
000002_837_U6S.png,0.8745435665753928
000002_838_U6S.png,0.9529821301328005
000002_839_U6S.png,0.4299666179467091
000002_83_h264_33.png,0.28903379935250784
000002_83_h264_43.png,0.5548279542948484
000002_83_L6S.png,0.9843285698668603
000002_840_U6S.png,0.9921558704541704
000002_841_U6S.png,0.7888342834411375
000002_842_U6S.png,0.9608838000134033
000002_843_U6S.png,0.921799035469189
000002_844_U6S.png,0.9763914973935128
000002_845_U6S.png,0.6014336417846354
000002_846_U6S.png,0.6325945151359378
000002_847_U6S.png,0.7888537802183979
000002_848_U6S.png,0.8748539686978284
000002_849_U6S.png,0.6714982063875388
000002_850_U6S.png,0.7888549331058603
000002_851_U6S.png,0.5934563061371633
000002_852_U6S.png,0.5074744644855832
000002_853_U6S.png,0.6947321987156931
000002_854_U6S.png,0.9531340361608346
000002_855_U6S.png,0.890342738283386
000002_856_U6S.png,0.507481843124535
000002_857_U6S.png,0.6405401901811429
000002_858_U6S.png,0.3829894712464844
000002_859_U6S.png,0.8434508038975832
000002_85_L6S.png,0.406344647719352
000002_860_U6S.png,0.7885041368766471
000002_861_U6S.png,0.6953330170558667
000002_862_U6S.png,0.5393322786495542
000002_863_U6S.png,0.8984102122723359
000002_864_U6S.png,0.8201006745862768
000002_865_U6S.png,0.8353469047000925
000002_866_U6S.png,0.91410527982692
000002_867_U6S.png,0.6488115779586752
000002_868_U6S.png,0.8828726169307372
000002_869_U6S.png,0.8514864358703158
000002_86_L6S.png,0.7419698265814612
000002_870_U6S.png,0.9376181492567276
000002_871_U6S.png,0.6015559611135167
000002_872_U6S.png,0.6563850968831726
000002_873_U6S.png,0.4765647304364333
000002_87_L6S.png,0.7105004619009584
000002_88_L6S.png,0.4218762515938768
000002_89_L6S.png,0.7034798981892768
000002_8_L6S.png,0.14065781382459383
000002_90_L6S.png,0.46095350580112726
000002_91_L6S.png,0.4297013944737108
000002_92_L6S.png,0.9766516001195908
000002_93_L6S.png,0.8594236921917482
000002_94_L6S.png,0.9377057490012362
000002_96_L6S.png,0.31997648089700714
000002_97_L6S.png,1.0
000002_98_L6S.png,0.02337366463257589
000002_99_L6S.png,0.6016468270875394
000002_9_L6S.png,0.984311876622963
