ImageName,BandingScore
000001_100_L6S.png,0.387387441168844
000001_101_L6D.png,0.320093579721339
000001_102_L6D.png,0.349106327173549
000001_103_L6D.png,0.6196538184949
000001_104_L6D.png,0.518390783784255
000001_105_L6D.png,0.545952090064797
000001_106_L6D.png,0.5943109695848
000001_107_L6D.png,0.554509689913489
000001_108_L6D.png,0.330433045549853
000001_109_L6D.png,0.540898224231245
000001_110_L6D.png,0.380853022642015
000001_111_L6D.png,0.273448076441459
000001_112_L6D.png,0.496511192124893
000001_114_L6D.png,0.271394665823962
000001_115_L6D.png,0.514459676936507
000001_117_L6D.png,0.602641997095554
000001_118_L6D.png,0.591865927606494
000001_119_L6D.png,0.0595476162666068
000001_11_L6S.png,0.475629505043474
000001_120_L6D.png,0.510693395131066
000001_121_L6D.png,0.5142857641463
000001_122_L6D.png,0.329106952983279
000001_123_L6D.png,0.58137425189065
000001_124_L6D.png,0.583557376818471
000001_125_L6D.png,0.425751804666952
000001_126_L6D.png,0.456076693510068
000001_127_L6D.png,0.583345673688089
000001_128_L6D.png,0.623487728118936
000001_129_L6D.png,0.539052725897786
000001_130_L6D.png,0.557180587049793
000001_131_L6D.png,0.530354629700799
000001_132_L6D.png,0.537161226804219
000001_133_L6D.png,0.464843075311366
000001_134_L6D.png,0.6157143839423
000001_135_L6D.png,0.517482493117129
000001_136_L6D.png,0.593401653044535
000001_137_L6D.png,0.346384969790112
000001_139_L6D.png,0.461814654113787
000001_13_L6S.png,0.438481554464102
000001_140_L6D.png,0.343374761278071
000001_141_L6D.png,0.458225510327682
000001_142_L6D.png,0.389471601850669
000001_143_L6D.png,0.563624295540381
000001_144_L6D.png,0.0543176214018118
000001_145_L6D.png,0.618790530035357
000001_146_L6D.png,0.405979302977239
000001_146_UV6.png,0.406568665877071
000001_147_L6D.png,0.44007017356931
000001_147_UV6.png,0.441915503915449
000001_148_L6D.png,0.417130514044716
000001_149_L6D.png,0.496583294931304
000001_14_L6S.png,0.572670155685138
000001_150_L6D.png,0.213337004031899
000001_151_L6D.png,0.568784126112053
000001_152_L6D.png,0.536453054447746
000001_153_L6D.png,0.255763596787766
000001_154_L6D.png,0.566209272240976
000001_155_L6D.png,0.534640540966583
000001_156_L6D.png,0.570726912945514
000001_157_L6D.png,0.572245071304338
000001_158_L6D.png,0.540063812070327
000001_159_L6D.png,0.458778829306315
000001_15_L6S.png,0.371902622933248
000001_15_h264_33.png,0.385288641614523
000001_15_h264_43.png,0.407794951591995
000001_161_L6D.png,0.637600909838558
000001_161_UV6.png,0.677548145075559
000001_162_L6D.png,0.562188995802261
000001_164_L6D.png,0.196862791877419
000001_166_L6D.png,0.637392824346348
000001_16_L6S.png,0.524469578615065
000001_170_L6D.png,0.487775926192642
000001_171_L6D.png,0.650290523912562
000001_171_UV6.png,0.677087264780858
000001_172_L6D.png,0.631515417764539
000001_173_L6D.png,0.698015443873014
000001_174_L6D.png,0.247130572301718
000001_175_L6D.png,0.478251794733012
000001_176_L6D.png,0.576808966298648
000001_176_UV6.png,0.607725367316357
000001_177_L6D.png,0.59137681566351
000001_178_L6D.png,0.546529324800815
000001_179_L6D.png,0.61096957784422
000001_179_UV6.png,0.614285373025875
000001_17_L6S.png,0.275480976068751
000001_180_L6D.png,0.602673227387477
000001_180_UV6.png,0.710714533887902
000001_181_L6D.png,0.238624045108167
000001_182_L6D.png,0.547285795448073
000001_183_L6D.png,0.54660813188916
000001_184_L6D.png,0.610025084570997
000001_185_L6D.png,0.60717210579375
000001_186_L6D.png,0.500284789446758
000001_187_L6D.png,0.513654062523236
000001_188_L6D.png,0.556819041472692
000001_189_L6D.png,0.23620534482395
000001_18_L6S.png,0.564607302861483
000001_190_L6D.png,0.611437277432675
000001_191_L6D.png,0.310358464061969
000001_192_L6D.png,0.493121703439824
000001_193_L6D.png,0.179243332332619
000001_194_L6D.png,0.581373542559496
000001_195_L6D.png,0.395259427396933
000001_196_L6D.png,0.560253028282602
000001_198_L6D.png,0.356120999810535
000001_199_L6D.png,0.612389416726829
000001_19_L6S.png,0.508599220119295
000001_1_L6S.png,0.545474681001369
000001_200_L6D.png,0.515979863491788
000001_202_U5S.png,0.559223152241713
000001_203_U5S.png,0.299653497279279
000001_204_U5S.png,0.573154995496794
000001_205_U5S.png,0.372951382110963
000001_206_U5S.png,0.601216496261552
000001_207_U5S.png,0.569647312067682
000001_208_U5S.png,0.627247907757412
000001_209_U5S.png,0.654667841427707
000001_20_L6S.png,0.374182052540464
000001_210_U5S.png,0.775867106559318
000001_211_U5S.png,0.561308689089611
000001_212_U5S.png,0.53236729191626
000001_213_U5S.png,0.576859975981159
000001_214_U5S.png,0.584507899856125
000001_215_U5S.png,0.409498364290262
000001_216_U5S.png,0.518419255676004
000001_217_U5S.png,0.575783449791166
000001_218_U5S.png,0.527559019203472
000001_219_U5S.png,0.740061104196304
000001_21_L6S.png,0.549931968574985
000001_220_U5S.png,0.775295763003361
000001_221_U5S.png,0.513505469847881
000001_222_U5S.png,0.645683279036172
000001_223_U5S.png,0.536189820099456
000001_224_U5S.png,0.479870117961388
000001_225_U5S.png,0.462066561717189
000001_226_U5S.png,0.587688654024632
000001_227_U5S.png,0.352684154815574
000001_228_U5S.png,0.649272826899669
000001_229_U5S.png,0.588229825179457
000001_22_L6S.png,0.558695171790744
000001_230_U5S.png,0.814539516872687
000001_231_U5S.png,0.557815248141156
000001_232_U5S.png,0.783946151660243
000001_233_U5S.png,0.347203125242887
000001_234_U5S.png,0.648404383775134
000001_235_U5S.png,0.176364233491761
000001_236_U5S.png,0.314396706870992
000001_237_U5S.png,0.63756576191166
000001_238_U5S.png,0.59726796742004
000001_239_U5S.png,0.509207217653405
000001_23_L6S.png,0.46043167280904
000001_240_U5S.png,0.285659013033191
000001_241_U5S.png,0.26746032681407
000001_242_U5S.png,0.530915963137902
000001_243_U5S.png,0.574200890876681
000001_245_U5S.png,0.544505009378542
000001_246_U5S.png,0.560222119664339
000001_247_U5S.png,0.524943938435015
000001_248_U5S.png,0.27136959571625
000001_249_U5S.png,0.488423781190649
000001_250_U5S.png,0.636138155690809
000001_251_U5S.png,0.538606118237718
000001_252_U5S.png,0.444191686755628
000001_253_U5S.png,0.611553139443855
000001_254_U5S.png,0.55652138123157
000001_255_U5S.png,0.367968341782496
000001_256_U5S.png,0.574618873243081
000001_257_U5S.png,0.491978710312698
000001_258_U5S.png,0.615678163743321
000001_259_U5S.png,0.382844121185201
000001_259_UV6.png,0.370342632826207
000001_25_L6S.png,0.470500868011115
000001_260_U5S.png,0.359757462436028
000001_261_U5S.png,0.585350217183408
000001_262_U5S.png,0.390795005295892
000001_263_U5S.png,0.117674960395325
000001_264_U5S.png,0.426680412452141
000001_265_U5S.png,0.17082041374599
000001_266_U5S.png,0.6112363297901
000001_267_U5S.png,0.370413228775189
000001_268_U5S.png,0.507599595362179
000001_269_U5S.png,0.373618607100126
000001_26_L6S.png,0.568902181611794
000001_270_U5S.png,0.555844221727469
000001_270_UV6.png,0.545269626777581
000001_271_U5S.png,0.597106299031835
000001_272_U5S.png,0.576330735619466
000001_273_U5S.png,0.610097669909201
000001_274_U5S.png,0.589290657251064
000001_275_U5S.png,0.41109869908298
000001_276_U5S.png,0.483400134685592
000001_277_U5S.png,0.547393280108304
000001_278_U5S.png,0.3278898906774
000001_279_U5S.png,0.473449481352754
000001_27_L6S.png,0.556386938450045
000001_280_U5S.png,0.619778435012116
000001_280_UV6.png,0.630795215909055
000001_281_U5S.png,0.420005066660235
000001_282_U5S.png,0.350072197314544
000001_283_U5S.png,0.624535294637507
000001_283_UV6.png,0.606865440210192
000001_284_U5S.png,0.476187091642618
000001_285_U5S.png,0.443855710927606
000001_285_UV6.png,0.435393490134233
000001_286_U5S.png,0.58728142778575
000001_286_UV6.png,0.546222545947889
000001_287_U5S.png,0.526309462005521
000001_287_UV6.png,0.51750767385982
000001_288_U5S.png,0.516820625646377
000001_288_UV6.png,0.526500059258933
000001_289_U5S.png,0.147751321815246
000001_289_UV6.png,0.148931029707326
000001_28_L6S.png,0.104467427896895
000001_290_U5S.png,0.678955943792576
000001_290_UV6.png,0.65699872042782
000001_291_U5S.png,0.519516689280995
000001_291_UV6.png,0.508555035168167
000001_292_U5S.png,0.277309643317634
000001_293_U5S.png,0.356629366264726
000001_294_U5S.png,0.605117327583254
000001_295_U5S.png,0.478844128432613
000001_296_U5S.png,0.353416373811901
000001_297_U5S.png,0.535131011024492
000001_298_U5S.png,0.378266530017387
000001_299_U5S.png,0.526042889245936
000001_29_L6S.png,0.487712019367228
000001_2_L6S.png,0.606145751580918
000001_300_U5S.png,0.623254706336083
000001_301_U6S.png,0.563630945616195
000001_302_U6S.png,0.136839611850015
000001_303_U6S.png,0.564073277278492
000001_304_U6S.png,0.186518585402394
000001_304_UV6.png,0.186518585402394
000001_305_U6S.png,0.443684099771073
000001_306_U6S.png,0.354959288217151
000001_307_U6S.png,0.457472161430841
000001_308_U6S.png,0.61949046134143
000001_309_U6S.png,0.312545704436456
000001_30_L6S.png,0.350748973151337
000001_30_h264_43.png,0.391664399618806
000001_310_U6S.png,0.56694142546593
000001_311_U6S.png,0.64296555695874
000001_311_UV6.png,0.64296555695874
000001_312_U6S.png,0.258915462886746
000001_313_U6S.png,0.405550360741184
000001_314_U6S.png,0.476043454461376
000001_315_U6S.png,0.584123932072524
000001_316_U6S.png,0.580007233645256
000001_317_U6S.png,0.424199896561122
000001_318_U6S.png,0.633677040972979
000001_319_U6S.png,0.190313427128515
000001_31_L6S.png,0.674135179324944
000001_320_U6S.png,0.500833338305522
000001_321_U6S.png,0.635262379122696
000001_322_U6S.png,0.689235279155924
000001_324_U6S.png,0.330869450794254
000001_325_U6S.png,0.223787594843293
000001_326_U6S.png,0.321690655636405
000001_327_U6S.png,0.224727127658913
000001_327_UV6.png,0.224727127658913
000001_329_U6S.png,0.607725367316357
000001_32_L6S.png,0.0849148310147376
000001_331_U6S.png,0.531278258476746
000001_332_U6S.png,0.22963456717271
000001_333_U6S.png,0.188106430284241
000001_334_U6S.png,0.536853040352422
000001_335_U6S.png,0.190606808969234
000001_336_U6S.png,0.338569559007652
000001_337_U6S.png,0.350811247391411
000001_337_UV6.png,0.350811247391411
000001_338_U6S.png,0.164736943870972
000001_338_UV6.png,0.164736943870972
000001_339_U6S.png,0.194504180671325
000001_33_L6S.png,0.353142702341505
000001_340_U6S.png,0.20338133838583
000001_341_U6S.png,0.57034983514325
000001_341_UV6.png,0.57034983514325
000001_342_U6S.png,0.514454512831609
000001_343_U6S.png,0.621296998185359
000001_343_UV6.png,0.621296998185359
000001_344_U6S.png,0.599633726656845
000001_345_U6S.png,0.373019956661093
000001_346_U6S.png,0.244176405217139
000001_347_U6S.png,0.537477872813694
000001_348_U6S.png,0.282212304519632
000001_349_U6S.png,0.261886248299191
000001_34_L6S.png,0.538185019935668
000001_350_U6S.png,0.669394818205252
000001_351_U6S.png,0.343952347316347
000001_352_U6S.png,0.230372154822394
000001_352_UV6.png,0.230372154822394
000001_353_U6S.png,0.0274282729693298
000001_354_U6S.png,0.390776950621513
000001_355_U6S.png,0.481169890351923
000001_356_U6S.png,0.601832841880575
000001_357_U6S.png,0.275037551894101
000001_358_U6S.png,0.270824057753488
000001_358_UV6.png,0.270824057753488
000001_359_U6S.png,0.338057248511046
000001_35_L6S.png,0.532570355665226
000001_360_U6S.png,0.643573907837145
000001_361_U6S.png,0.224989876239558
000001_362_U6S.png,0.402047834274349
000001_363_U6S.png,0.200200053159554
000001_364_U6S.png,0.387054236478537
000001_365_U6S.png,0.280085485904867
000001_366_U6S.png,0.537931431917643
000001_367_U6S.png,0.34380534692386
000001_368_U6S.png,0.254667375149668
000001_369_U6S.png,0.636775476898584
000001_36_L6S.png,0.538199810902908
000001_36_h264_33.png,0.575219522633526
000001_36_h264_43.png,0.567838465449257
000001_370_U6S.png,0.238493803505102
000001_370_UV6.png,0.238493803505102
000001_371_U6S.png,0.270325737786882
000001_371_UV6.png,0.270325737786882
000001_372_U6S.png,0.466203714788425
000001_373_U6S.png,0.51296221885957
000001_374_U6S.png,0.272412297779893
000001_375_U6S.png,0.523553895315003
000001_376_U6S.png,0.257995942335369
000001_377_U6S.png,0.188295014490179
000001_378_U6S.png,0.5316604773286
000001_379_U6S.png,0.325033981801718
000001_37_L6S.png,0.531764084805069
000001_380_U6S.png,0.247377797838417
000001_381_U6S.png,0.242802086004735
000001_382_U6S.png,0.616511673824067
000001_383_U6S.png,0.0104028182600077
000001_384_U6S.png,0.270150280397411
000001_385_U6S.png,0.592101465776516
000001_386_U6S.png,0.432411566146189
000001_387_U6S.png,0.574031058143547
000001_388_U6S.png,0.541199156038828
000001_389_U6S.png,0.30803394167036
000001_38_L6S.png,0.55863860693325
000001_390_U6S.png,0.59058900182044
000001_391_U6S.png,0.420978662822679
000001_392_U6S.png,0.360200336898192
000001_393_U6S.png,0.0834920950601616
000001_394_U6S.png,0.551713937359804
000001_395_U6S.png,0.374217631991787
000001_396_U6S.png,0.322710910616828
000001_397_U6S.png,0.546030463655816
000001_398_U6S.png,0.325226063920585
000001_39_L6S.png,0.461385845014691
000001_3_L6S.png,0.518422592340715
000001_406_U5D.png,0.806329506462177
000001_40_L6S.png,0.606145751580918
000001_411_U5D.png,0.563896190050018
000001_416_U5D.png,0.459568681399888
000001_422_U5D.png,0.338099843332237
000001_425_U5D.png,0.401537978847959
000001_426_U5D.png,0.564557735247503
000001_42_L6S.png,0.603144694998391
000001_434_U5D.png,0.658362051336029
000001_436_U5D.png,0.44020786565339
000001_445_U5D.png,0.595414238718875
000001_446_U5D.png,0.585138892434769
000001_44_L6S.png,0.568552902351697
000001_456_U5D.png,0.814118447242545
000001_457_U5D.png,0.541899729105335
000001_458_U5D.png,0.712364916093182
000001_468_U5D.png,0.670389028047793
000001_470_U5D.png,0.660652093594725
000001_471_U5D.png,0.578908887547263
000001_472_U5D.png,0.628157177690766
000001_473_U5D.png,0.50578200232081
000001_474_U5D.png,0.525867949241173
000001_475_U5D.png,0.641534187063234
000001_476_U5D.png,0.65921113786793
000001_477_U5D.png,0.631132947474141
000001_478_U5D.png,0.590887965288172
000001_479_U5D.png,0.486497807270038
000001_47_L6S.png,0.535667557203765
000001_481_U5D.png,0.582847231795026
000001_482_U5D.png,0.53236729191626
000001_483_U5D.png,0.558626500161976
000001_484_U5D.png,0.463640260124902
000001_485_U5D.png,0.430149947296435
000001_486_U5D.png,0.523375117027963
000001_487_U5D.png,0.636138155690809
000001_488_U5D.png,0.422510431508387
000001_489_U5D.png,0.53236729191626
000001_48_L6S.png,0.392977780971569
000001_490_U5D.png,0.502752471413624
000001_491_U5D.png,0.576859975981159
000001_492_U5D.png,0.584507899856125
000001_493_U5D.png,0.487341310999116
000001_494_U5D.png,0.531628444031014
000001_496_U5D.png,0.640801584208039
000001_497_U5D.png,0.652017958360708
000001_498_U5D.png,0.650807974193924
000001_499_U5D.png,0.537143381388398
000001_49_L6S.png,0.503158838881459
000001_49_h264_33.png,0.505257958499637
000001_49_h264_43.png,0.507426907052253
000001_4_L6S.png,0.589024859570242
000001_500_U5D.png,0.320559756432456
000001_502_UV6.png,0.459956856048766
000001_503_UV6.png,0.512187898357049
000001_504_UV6.png,0.469779288449841
000001_505_UV6.png,0.59898995778999
000001_506_UV6.png,0.682861051113046
000001_507_UV6.png,0.391639841080464
000001_508_UV6.png,0.522996873676572
000001_50_L6S.png,0.318007072873623
000001_512_UV6.png,0.548781230251634
000001_513_UV6.png,0.597781014026907
000001_514_UV6.png,0.580368350007753
000001_515_UV6.png,0.457702437655
000001_516_UV6.png,0.546929077812321
000001_517_UV6.png,0.552524028942475
000001_518_UV6.png,0.597073401148988
000001_519_UV6.png,0.643549965233367
000001_51_L6S.png,0.439856179626329
000001_51_h264_33.png,0.55622837179425
000001_51_h264_43.png,0.577077940177102
000001_520_UV6.png,0.747401159951411
000001_521_UV6.png,0.103018554148929
000001_522_UV6.png,0.532516726486489
000001_523_UV6.png,0.344597588362567
000001_524_UV6.png,0.546929077812321
000001_525_UV6.png,0.614352440683695
000001_526_UV6.png,0.4874542908905
000001_527_UV6.png,0.483541425982852
000001_528_UV6.png,0.406965947116762
000001_529_UV6.png,0.63213740567543
000001_52_L6S.png,0.598415063677061
000001_530_UV6.png,0.612841290562164
000001_531_UV6.png,0.619346807044762
000001_532_UV6.png,0.54850121107012
000001_533_UV6.png,0.568208249805699
000001_534_UV6.png,0.521771990711469
000001_535_UV6.png,0.397151201470475
000001_536_UV6.png,0.666239089244424
000001_537_UV6.png,0.590814172300643
000001_538_UV6.png,0.619552198034405
000001_539_UV6.png,0.521069775157265
000001_53_L6S.png,0.584638941191118
000001_540_UV6.png,0.490580349167306
000001_541_UV6.png,0.138554783111035
000001_542_UV6.png,0.341382374943045
000001_543_UV6.png,0.580965944927936
000001_544_UV6.png,0.455001634327962
000001_545_UV6.png,0.386848147014837
000001_546_UV6.png,0.41972332596387
000001_547_UV6.png,0.572546438461941
000001_548_UV6.png,0.349021845128426
000001_549_UV6.png,0.360266619774491
000001_54_L6S.png,0.362809883594184
000001_550_UV6.png,0.315711231249368
000001_551_UV6.png,0.523486612928149
000001_552_UV6.png,0.603997561091371
000001_553_UV6.png,0.518224553178225
000001_554_UV6.png,0.743202817474174
000001_555_UV6.png,0.414504613885208
000001_556_UV6.png,0.501457180103014
000001_557_UV6.png,0.500163386461907
000001_558_UV6.png,0.61527461940227
000001_559_UV6.png,0.762159391201659
000001_55_L6S.png,0.286577490806802
000001_560_UV6.png,0.755761737777377
000001_561_UV6.png,0.624868762201518
000001_562_UV6.png,0.486788609686222
000001_563_UV6.png,0.443766144521016
000001_564_UV6.png,0.388397669997436
000001_565_UV6.png,0.486732138745746
000001_566_UV6.png,0.446053951410189
000001_567_UV6.png,0.360572941869054
000001_568_UV6.png,0.557604391302025
000001_569_UV6.png,0.528477532018247
000001_56_L6S.png,0.606821170063728
000001_570_UV6.png,0.467608420986555
000001_571_UV6.png,0.495793722703457
000001_572_UV6.png,0.288835809999438
000001_573_UV6.png,0.5377806408753
000001_574_UV6.png,0.390394882185462
000001_575_UV6.png,0.257290921776793
000001_576_UV6.png,0.470250964218272
000001_577_UV6.png,0.504890926874874
000001_578_UV6.png,0.0676662110194086
000001_579_UV6.png,0.0476546259820175
000001_57_L6S.png,0.472980006217816
000001_580_UV6.png,0.568815123307232
000001_581_UV6.png,0.0367191293669005
000001_585_UV6.png,0.0433377104801548
000001_586_UV6.png,0.0398864571029844
000001_587_UV6.png,0.644344892955326
000001_588_UV6.png,0.0507538399246752
000001_589_UV6.png,0.0175608896075067
000001_58_L6S.png,0.511527323001717
000001_590_UV6.png,0.204478925122554
000001_591_UV6.png,0.558385243677068
000001_592_UV6.png,0.242675850868997
000001_593_UV6.png,0.512764678358068
000001_594_UV6.png,0.352697388393073
000001_595_UV6.png,0.301127446536842
000001_596_UV6.png,0.340248654462385
000001_597_UV6.png,0.315191796473079
000001_598_UV6.png,0.820287684798513
000001_599_UV6.png,0.489454941783011
000001_59_L6S.png,0.569612997288381
000001_5_L6S.png,0.460009838358959
000001_600_UV6.png,0.34531842298773
000001_601_L6S.png,0.504971991590207
000001_601_h264_18.png,0.526251230861834
000001_601_h264_33.png,0.541552543262642
000001_601_h264_43.png,0.590356664710207
000001_602_L6S.png,0.70784099025407
000001_602_h264_18.png,0.723800397282868
000001_602_h264_33.png,0.569081604773631
000001_602_h264_43.png,0.442519264913149
000001_603_L6S.png,0.482433540958576
000001_603_h264_43.png,0.471667753202727
000001_604_L6S.png,0.342793440324611
000001_604_h264_18.png,0.408805854501713
000001_604_h264_33.png,0.42405545021338
000001_604_h264_43.png,0.420534323490949
000001_605_L6S.png,0.516574348248796
000001_605_h264_18.png,0.533662766318597
000001_605_h264_33.png,0.520088173948325
000001_605_h264_43.png,0.507313971831339
000001_606_L6S.png,0.759532732600557
000001_606_h264_43.png,0.452227514646888
000001_607_L6S.png,0.0889783351847674
000001_607_h264_18.png,0.0880330933029798
000001_607_h264_33.png,0.106241016281249
000001_607_h264_43.png,0.151660863463812
000001_608_L6S.png,0.444003379404839
000001_608_h264_18.png,0.438442026030125
000001_608_h264_33.png,0.440097897614051
000001_608_h264_43.png,0.462062983881947
000001_609_L6S.png,0.363274972910317
000001_609_h264_18.png,0.41437910059851
000001_609_h264_33.png,0.427514765295297
000001_609_h264_43.png,0.510000850696519
000001_60_L6S.png,0.232540353901141
000001_60_h264_33.png,0.286793096457451
000001_60_h264_43.png,0.35868028151006
000001_610_L6S.png,0.071250745315363
000001_610_h264_43.png,0.135086907635096
000001_611_L6S.png,0.109438218029315
000001_611_h264_43.png,0.156326576168031
000001_612_L6S.png,0.0147247650382661
000001_612_h264_18.png,0.0115044494164664
000001_612_h264_33.png,0.0117197274992229
000001_612_h264_43.png,0.0260119546967907
000001_613_L6S.png,0.243193152402539
000001_613_h264_18.png,0.209734520322693
000001_613_h264_33.png,0.346623136308673
000001_613_h264_43.png,0.446770806520536
000001_614_L6S.png,0.499351438152482
000001_614_h264_18.png,0.498762360155859
000001_614_h264_33.png,0.500107848491293
000001_614_h264_43.png,0.521198584356193
000001_615_L6S.png,0.439159347291542
000001_615_h264_18.png,0.446025912769196
000001_615_h264_33.png,0.458973622380388
000001_615_h264_43.png,0.456927412550151
000001_616_L6S.png,0.492858946521875
000001_616_h264_18.png,0.536782782083306
000001_616_h264_33.png,0.516474726219281
000001_616_h264_43.png,0.564271579922285
000001_617_L6S.png,0.617957293365936
000001_617_h264_18.png,0.674501224542469
000001_617_h264_33.png,0.694247784204117
000001_617_h264_43.png,0.683411439445083
000001_618_L6S.png,0.652317092200847
000001_618_h264_18.png,0.73611618438269
000001_618_h264_43.png,0.608115025592945
000001_61_L6S.png,0.491200266908575
000001_620_L6S.png,0.775858271231901
000001_620_h264_33.png,0.804981142722698
000001_620_h264_43.png,0.719373453967028
000001_621_L6S.png,0.381125567968858
000001_621_h264_33.png,0.371209227443902
000001_621_h264_43.png,0.384537513061882
000001_622_L6S.png,0.490094282171301
000001_622_h264_33.png,0.508693727733264
000001_622_h264_43.png,0.49686913139609
000001_623_L6S.png,0.0865897744153866
000001_623_h264_33.png,0.0870810466745846
000001_623_h264_43.png,0.140216134740709
000001_624_L6S.png,0.286340415910998
000001_624_h264_18.png,0.255233821383099
000001_624_h264_43.png,0.33558823592212
000001_625_L6S.png,0.482246454343113
000001_625_h264_43.png,0.703837180696189
000001_626_L6S.png,0.560130253080516
000001_626_h264_18.png,0.60559938220773
000001_626_h264_33.png,0.588207817086186
000001_626_h264_43.png,0.562710975803545
000001_627_L6S.png,0.647634931310323
000001_627_h264_18.png,0.694108495844485
000001_627_h264_33.png,0.773234929855147
000001_627_h264_43.png,0.687871435386615
000001_628_L6S.png,0.349391635492301
000001_628_h264_18.png,0.368073755099703
000001_628_h264_33.png,0.359440617742448
000001_628_h264_43.png,0.376149964629717
000001_629_L6S.png,0.301782462618806
000001_62_L6S.png,0.2408069751795
000001_62_h264_33.png,0.287759570520869
000001_62_h264_43.png,0.327642563774143
000001_630_L6S.png,0.519194952975404
000001_631_L6S.png,0.631087412028523
000001_631_h264_18.png,0.719070831875465
000001_631_h264_33.png,0.806115428383748
000001_631_h264_43.png,0.785049903628218
000001_632_L6S.png,0.501049850512742
000001_632_h264_18.png,0.488246103731355
000001_632_h264_33.png,0.528352314145747
000001_632_h264_43.png,0.533256038894209
000001_633_L6S.png,0.494016784750805
000001_634_L6S.png,0.644372943844001
000001_635_L6S.png,0.639085300443941
000001_635_h264_33.png,0.62522089155941
000001_635_h264_43.png,0.608063981090687
000001_636_L6S.png,0.307021174584899
000001_636_h264_18.png,0.297717526057741
000001_636_h264_33.png,0.339969115665576
000001_636_h264_43.png,0.417362066008313
000001_637_L6S.png,0.5096296084545
000001_637_h264_18.png,0.522590665509626
000001_637_h264_33.png,0.547522872132199
000001_637_h264_43.png,0.551474379223332
000001_638_L6S.png,0.659256352175576
000001_638_h264_18.png,0.723544528316013
000001_638_h264_33.png,0.677411523790733
000001_638_h264_43.png,0.6619716549843
000001_639_L6S.png,0.583729451244232
000001_639_h264_18.png,0.60341905893362
000001_639_h264_33.png,0.575027727902762
000001_639_h264_43.png,0.537105492008559
000001_63_L6S.png,0.376018613759052
000001_640_L6S.png,0.568937599416255
000001_640_h264_33.png,0.626008975040319
000001_640_h264_43.png,0.628767998296432
000001_642_L6S.png,0.599904243875069
000001_642_h264_18.png,0.563675101885895
000001_642_h264_33.png,0.608319974784831
000001_642_h264_43.png,0.830668868145355
000001_643_L6S.png,0.407041928997826
000001_643_h264_18.png,0.399447258222857
000001_643_h264_43.png,0.41217489354811
000001_644_L6S.png,0.596388746307551
000001_644_h264_18.png,0.61121018459788
000001_644_h264_43.png,0.589789128575331
000001_645_L6S.png,0.399883896595178
000001_645_h264_43.png,0.401427497141617
000001_646_L6S.png,0.587270448604113
000001_647_L6S.png,0.526291242946651
000001_647_h264_18.png,0.528141494713696
000001_647_h264_43.png,0.565378715881991
000001_648_L6S.png,0.314705177008313
000001_648_h264_43.png,0.317632892770214
000001_649_L6S.png,0.543652438686048
000001_649_h264_33.png,0.584884037683976
000001_649_h264_43.png,0.597677513815789
000001_64_L6S.png,0.503142003164499
000001_650_L6S.png,0.578971542285253
000001_650_h264_33.png,0.598608664239967
000001_650_h264_43.png,0.623837175260783
000001_651_L6S.png,0.244817068566812
000001_651_h265_43.png,0.527570273490295
000001_652_L6S.png,0.539121157897235
000001_652_h265_43.png,0.572883389357955
000001_653_L6S.png,0.272465457118406
000001_653_h265_33.png,0.270211437432622
000001_653_h265_43.png,0.324219125147071
000001_654_L6S.png,0.524430603572532
000001_654_h265_18.png,0.50227531026236
000001_654_h265_33.png,0.465897891668386
000001_654_h265_43.png,0.512587862200438
000001_655_L6S.png,0.472667387409133
000001_655_h265_18.png,0.486703871205931
000001_655_h265_33.png,0.483516156130503
000001_655_h265_43.png,0.470601579247414
000001_656_L6S.png,0.587693447458351
000001_656_h265_43.png,0.715999377141292
000001_657_L6S.png,0.353818282041949
000001_657_h265_33.png,0.4029318188028
000001_658_L6S.png,0.545866053757812
000001_658_h265_43.png,0.579765304987784
000001_659_h265_43.png,0.643664802392812
000001_65_L6S.png,0.564855905999288
000001_660_L6S.png,0.61301843237632
000001_660_h265_43.png,0.671905835192097
000001_661_L6S.png,0.564629778727561
000001_661_h265_43.png,0.610191412158324
000001_662_L6S.png,0.62055108385647
000001_662_h265_18.png,0.614355366003947
000001_662_h265_33.png,0.612355392175642
000001_662_h265_43.png,0.64705877284897
000001_663_L6S.png,0.573470064317301
000001_663_h265_18.png,0.571682479307469
000001_663_h265_33.png,0.548085508655547
000001_663_h265_43.png,0.593470515504882
000001_664_L6S.png,0.44839448200122
000001_664_h265_43.png,0.431313464461174
000001_665_L6S.png,0.540055874192602
000001_665_h265_43.png,0.525428078017017
000001_666_L6S.png,0.542090524942183
000001_666_h265_18.png,0.567919260104657
000001_667_L6S.png,0.393054053006364
000001_667_h265_43.png,0.501070736600991
000001_668_L6S.png,0.595555162934252
000001_668_h265_33.png,0.592547852576351
000001_668_h265_43.png,0.603652761123346
000001_669_L6S.png,0.602396634426281
000001_669_h265_33.png,0.637963089001947
000001_669_h265_43.png,0.655221018281385
000001_66_L6S.png,0.504189631738852
000001_66_h264_18.png,0.498347247417506
000001_66_h264_33.png,0.546157742018768
000001_66_h264_43.png,0.58030886612472
000001_673_L6S.png,0.603076700757549
000001_673_h265_33.png,0.646666430060058
000001_673_h265_43.png,0.71030948777765
000001_675_L6S.png,0.499586543404057
000001_675_h265_33.png,0.503228410473004
000001_675_h265_43.png,0.526870637597832
000001_676_L6S.png,0.628755315288786
000001_676_vp9_28.png,0.64463547278509
000001_676_vp9_45.png,0.652815147015926
000001_676_vp9_60.png,0.683103964539424
000001_677_L6S.png,0.425170501323742
000001_677_vp9_60.png,0.466707517558257
000001_678_L6S.png,0.577132058412709
000001_678_vp9_28.png,0.619749451443851
000001_678_vp9_45.png,0.620261889380974
000001_678_vp9_60.png,0.608485453415107
000001_679_L6S.png,0.528052289727274
000001_67_L6S.png,0.555275820123845
000001_680_L6S.png,0.606606681403557
000001_680_vp9_45.png,0.637300466587486
000001_680_vp9_60.png,0.660744417444244
000001_681_L6S.png,0.23685899475479
000001_681_vp9_28.png,0.225992761210496
000001_681_vp9_45.png,0.223866967142776
000001_681_vp9_60.png,0.251802806078488
000001_682_L6S.png,0.390004074800992
000001_682_vp9_28.png,0.417726830690829
000001_682_vp9_45.png,0.403612071280781
000001_682_vp9_60.png,0.420166532805328
000001_683_L6S.png,0.428632636409416
000001_684_L6S.png,0.122456359719536
000001_684_vp9_28.png,0.124132829691432
000001_684_vp9_45.png,0.128616121812182
000001_684_vp9_60.png,0.16325789746753
000001_685_L6S.png,0.155959716559496
000001_685_vp9_28.png,0.156437406929595
000001_685_vp9_45.png,0.160465792672266
000001_685_vp9_60.png,0.184551077413781
000001_686_L6S.png,0.197949168484324
000001_686_vp9_60.png,0.288121327279874
000001_687_L6S.png,0.496128347175975
000001_687_vp9_45.png,0.571820574094395
000001_687_vp9_60.png,0.606479435299673
000001_688_L6S.png,0.535117512674482
000001_688_vp9_28.png,0.577148112744828
000001_688_vp9_45.png,0.579694196692545
000001_688_vp9_60.png,0.599257769738838
000001_689_L6S.png,0.388212290776876
000001_689_vp9_28.png,0.411533917704166
000001_689_vp9_45.png,0.434821893192869
000001_689_vp9_60.png,0.500179973899617
000001_68_L6S.png,0.266027861453172
000001_690_L6S.png,0.456789709419609
000001_690_vp9_28.png,0.537672227761653
000001_690_vp9_45.png,0.53075593870114
000001_690_vp9_60.png,0.572355964963331
000001_691_L6S.png,0.482507912731036
000001_692_L6S.png,0.500117576788377
000001_693_L6S.png,0.561106080222902
000001_693_vp9_45.png,0.635821440908174
000001_693_vp9_60.png,0.66299769233646
000001_694_L6S.png,0.549988341879938
000001_694_vp9_28.png,0.623032197519324
000001_694_vp9_45.png,0.679271514751642
000001_694_vp9_60.png,0.717184881564493
000001_695_L6S.png,0.439981760269708
000001_695_vp9_28.png,0.500418348704323
000001_695_vp9_45.png,0.530673193066551
000001_695_vp9_60.png,0.539364091649394
000001_696_L6S.png,0.449160605155028
000001_696_vp9_28.png,0.479098066918707
000001_696_vp9_45.png,0.483673804101722
000001_696_vp9_60.png,0.485575750899464
000001_697_L6S.png,0.558601310308712
000001_697_vp9_28.png,0.625974112966032
000001_697_vp9_45.png,0.663636905636013
000001_697_vp9_60.png,0.756343470902369
000001_698_L6S.png,0.42701241167374
000001_698_vp9_28.png,0.558490853766214
000001_698_vp9_60.png,0.637229747342775
000001_699_L6S.png,0.513397743888924
000001_699_vp9_45.png,0.610355583210668
000001_699_vp9_60.png,0.598940303954335
000001_69_L6S.png,0.292638387571263
000001_6_L6S.png,0.296280783659704
000001_700_L6S.png,0.400407433115727
000001_700_vp9_28.png,0.475630127201986
000001_700_vp9_45.png,0.504661065960495
000001_700_vp9_60.png,0.529949251724673
000001_701_U5S.png,0.45773604101046
000001_702_U5S.png,0.440878896785507
000001_703_U5S.png,0.187843631165875
000001_704_U5S.png,0.183684801900257
000001_705_U5S.png,0.499608558282719
000001_706_U5S.png,0.52842395761875
000001_707_U5S.png,0.551558535092317
000001_708_U5S.png,0.437897691719367
000001_709_U5S.png,0.896904885314634
000001_70_L6S.png,0.543813576248672
000001_70_h264_18.png,0.534533482081181
000001_70_h264_33.png,0.564849879675312
000001_70_h264_43.png,0.585066713791193
000001_710_U5S.png,0.533423448280443
000001_711_U5S.png,0.531210943548887
000001_712_U5S.png,0.748265297777216
000001_713_U5S.png,0.318146742448479
000001_714_U5S.png,0.366948564456043
000001_715_U5S.png,0.385074125809718
000001_716_U5S.png,0.240778561311716
000001_717_U5S.png,0.405260254113072
000001_718_U5S.png,0.089580970376071
000001_719_U5S.png,0.400092475758239
000001_71_L6S.png,0.518085188102498
000001_720_U5S.png,0.385754056757119
000001_721_U5S.png,0.498358507970021
000001_722_U5S.png,0.359855128248948
000001_723_U5S.png,0.441394310929578
000001_724_U5S.png,0.532309920995427
000001_725_U5S.png,0.537118114433719
000001_726_U5S.png,0.590810562482921
000001_727_U5S.png,0.656314069504935
000001_728_U5S.png,0.497052613417974
000001_729_U5S.png,0.624625744485678
000001_72_L6S.png,0.299710017516074
000001_730_U5S.png,0.498811111198964
000001_731_U5S.png,0.376956542216888
000001_732_U5S.png,0.466506724246981
000001_733_U5S.png,0.601085664640588
000001_734_U5S.png,0.865459671554166
000001_735_U5S.png,0.542157768488668
000001_736_U5S.png,0.526666985131194
000001_737_U5S.png,0.515618436797947
000001_738_U5S.png,0.58287186769345
000001_739_U5S.png,0.528421059567857
000001_73_L6S.png,0.544117906393478
000001_740_U5S.png,0.290468729253841
000001_741_U5S.png,0.260944440780629
000001_742_U5S.png,0.193129490625684
000001_743_U5S.png,0.534771249102749
000001_744_U5S.png,0.543731012414052
000001_745_U5S.png,0.503564286624896
000001_746_U5S.png,0.32434107045462
000001_747_U5S.png,0.511831463106126
000001_748_U5S.png,0.521803081645915
000001_749_U5S.png,0.383763020281428
000001_74_L6S.png,0.455034611263066
000001_750_U5S.png,0.491621637401631
000001_751_U5S.png,0.313467499509185
000001_752_U5S.png,0.288560634766407
000001_753_U5S.png,0.407493473844563
000001_754_U5S.png,0.285418227846665
000001_755_U5S.png,0.361516238297174
000001_756_U5S.png,0.440609848786428
000001_757_U5S.png,0.298330850124486
000001_758_U5S.png,0.348494312655334
000001_759_U5S.png,0.401527869109963
000001_75_L6S.png,0.508964661074659
000001_75_h264_18.png,0.499036489187455
000001_75_h264_33.png,0.55138057560647
000001_75_h264_43.png,0.551171212682313
000001_760_U5S.png,0.437152445815586
000001_761_U5S.png,0.506912937050298
000001_762_U5S.png,0.339848790009984
000001_763_U5S.png,0.380696927307967
000001_764_U5S.png,0.511204708519619
000001_765_U5S.png,0.455995610857459
000001_766_U5S.png,0.588308462509947
000001_767_U5S.png,0.48468944244395
000001_768_U5S.png,0.554175153219601
000001_769_U5S.png,0.508143229680219
000001_76_L6S.png,0.572670155685138
000001_770_U5S.png,0.509802810486722
000001_771_U5S.png,0.561126973672917
000001_772_U5S.png,0.470010412137431
000001_773_U5S.png,0.394598591500791
000001_774_U5S.png,0.38248682009817
000001_775_U5S.png,0.419016207826562
000001_776_U5S.png,0.423821865558071
000001_777_U5S.png,0.422095894953564
000001_778_U5S.png,0.530545382918203
000001_779_U5S.png,0.417402557578011
000001_77_L6S.png,0.382595421126414
000001_780_U5S.png,0.405649889995947
000001_781_U5S.png,0.48283064506284
000001_782_U5S.png,0.509733965803954
000001_783_U5S.png,0.468462050135382
000001_784_U5S.png,0.461937446426613
000001_785_U5S.png,0.56446793161888
000001_786_U5S.png,0.488349801139848
000001_787_U5S.png,0.351778442451236
000001_788_U5S.png,0.43645108500237
000001_789_U5S.png,0.465992853488726
000001_78_L6S.png,0.496608403633933
000001_790_U5S.png,0.662250768049918
000001_791_U5S.png,0.48170201605657
000001_792_U5S.png,0.529096011848756
000001_793_U5S.png,0.577340795488603
000001_794_U5S.png,0.626546117398109
000001_795_U5S.png,0.428086937028228
000001_796_U5S.png,0.00800956752058325
000001_797_U5S.png,0.233829796777408
000001_798_U5S.png,0.429345007014438
000001_799_U5S.png,0.257598429622515
000001_79_L6S.png,0.558912033467219
000001_800_U5S.png,0.287801176971909
000001_801_U6S.png,0.348772146749008
000001_802_U6S.png,0.373937780086436
000001_803_U6S.png,0.396454139570929
000001_804_U6S.png,0.291833909029372
000001_805_U6S.png,0.446248118828669
000001_806_U6S.png,0.542490513346268
000001_807_U6S.png,0.270847321177756
000001_808_U6S.png,0.406396834235962
000001_809_U6S.png,0.51063078938029
000001_80_L6S.png,0.508621408287775
000001_810_U6S.png,0.609589634392394
000001_811_U6S.png,0.494483646212268
000001_812_U6S.png,0.759538505866302
000001_813_U6S.png,0.664853292963031
000001_814_U6S.png,0.762332364680595
000001_815_U6S.png,0.413091277916372
000001_816_U6S.png,0.433621598122052
000001_817_U6S.png,0.641382908440207
000001_818_U6S.png,0.503603270136755
000001_819_U6S.png,0.531315870933432
000001_81_L6S.png,0.298854505431838
000001_81_h264_33.png,0.357360477616419
000001_81_h264_43.png,0.360936749324891
000001_820_U6S.png,0.50867043923015
000001_821_U6S.png,0.259097591447381
000001_822_U6S.png,0.284470759689715
000001_823_U6S.png,0.686250998289613
000001_824_U6S.png,0.500020747182273
000001_825_U6S.png,0.503504592182442
000001_826_U6S.png,0.265424155433751
000001_827_U6S.png,0.247443120458057
000001_828_U6S.png,0.225835410085017
000001_829_U6S.png,0.448428250783142
000001_82_L6S.png,0.52186265085497
000001_830_U6S.png,0.507270214172826
000001_831_U6S.png,0.537495818766377
000001_832_U6S.png,0.516449705049183
000001_833_U6S.png,0.548701562307641
000001_834_U6S.png,0.539284401764525
000001_835_U6S.png,0.576070646173038
000001_836_U6S.png,0.651058576144984
000001_837_U6S.png,0.485461034055413
000001_838_U6S.png,0.525922683145578
000001_839_U6S.png,0.637269135658498
000001_83_L6S.png,0.54192535889515
000001_83_h264_43.png,0.552771899529934
000001_840_U6S.png,0.594668486041751
000001_841_U6S.png,0.464229117438819
000001_842_U6S.png,0.421945508456932
000001_843_U6S.png,0.615240205937411
000001_844_U6S.png,0.501206694220283
000001_845_U6S.png,0.256708496629054
000001_846_U6S.png,0.541330941472357
000001_847_U6S.png,0.566254941828397
000001_848_U6S.png,0.430707126006754
000001_849_U6S.png,0.651990368455463
000001_850_U6S.png,0.475716814501655
000001_851_U6S.png,0.565699006455758
000001_852_U6S.png,0.571909789804964
000001_853_U6S.png,0.597860093342832
000001_854_U6S.png,0.531369896463401
000001_855_U6S.png,0.440301904455696
000001_856_U6S.png,0.65419251981908
000001_857_U6S.png,0.601107999482837
000001_858_U6S.png,0.595142541427131
000001_859_U6S.png,0.457053153125123
000001_85_L6S.png,0.488699718418303
000001_860_U6S.png,0.5525826181588
000001_861_U6S.png,0.636009157373567
000001_862_U6S.png,0.55236367624063
000001_863_U6S.png,0.452439218119207
000001_864_U6S.png,0.534590358539548
000001_865_U6S.png,0.505309920351892
000001_866_U6S.png,0.445517116211745
000001_867_U6S.png,0.400169914139242
000001_868_U6S.png,0.3957588756688
000001_869_U6S.png,0.521712524896952
000001_86_L6S.png,0.591573546114741
000001_870_U6S.png,0.591032907234279
000001_871_U6S.png,0.516020935185857
000001_872_U6S.png,0.424366406654513
000001_873_U6S.png,0.463565394316114
000001_87_L6S.png,0.500047190396677
000001_88_L6S.png,0.566622416074517
000001_89_L6S.png,0.305135694221299
000001_8_L6S.png,0.411458251968765
000001_90_L6S.png,0.556386938450045
000001_91_L6S.png,0.55103726761905
000001_92_L6S.png,0.560135426432765
000001_93_L6S.png,0.559439229593098
000001_94_L6S.png,0.576808966298648
000001_96_L6S.png,0.5425704904408
000001_96_h264_18.png,0.573189456120873
000001_96_h264_33.png,0.561445972443884
000001_96_h264_43.png,0.552902291350545
000001_97_L6S.png,0.32622191924054
000001_98_L6S.png,0.433118272816773
000001_99_L6S.png,0.478801686147103
000001_9_L6S.png,1.13183520989219
000002_100_L6S.png,0.250085087375971
000002_101_L6D.png,0.325014130189415
000002_102_L6D.png,0.474484899750078
000002_103_L6D.png,0.593206967388395
000002_104_L6D.png,0.526347772172092
000002_105_L6D.png,0.554395228992266
000002_106_L6D.png,0.577548506620533
000002_107_L6D.png,0.537064752067015
000002_108_L6D.png,0.254518533498275
000002_109_L6D.png,0.592680023923939
000002_10_L6S.png,0.395898530532093
000002_110_L6D.png,0.384410529498791
000002_111_L6D.png,0.26468086775785
000002_112_L6D.png,0.460215683514584
000002_113_L6D.png,0.263494065817452
000002_114_L6D.png,0.33061256118455
000002_115_L6D.png,0.548082869685493
000002_117_L6D.png,0.5573333616507
000002_118_L6D.png,0.591821567926903
000002_119_L6D.png,0.0554339773967712
000002_11_L6S.png,0.346251125183615
000002_120_L6D.png,0.449310082920678
000002_121_L6D.png,0.512079899247364
000002_122_L6D.png,0.484420998661671
000002_123_L6D.png,0.627207826763878
000002_124_L6D.png,0.573789469217134
000002_125_L6D.png,0.432713187646604
000002_126_L6D.png,0.40132030024657
000002_127_L6D.png,0.55822886293291
000002_128_L6D.png,0.408854220972619
000002_129_L6D.png,0.420986710061408
000002_12_L6S.png,0.493089081832322
000002_130_L6D.png,0.519447830413549
000002_131_L6D.png,0.473665466379827
000002_132_L6D.png,0.761025429272832
000002_133_L6D.png,0.522496500843955
000002_134_L6D.png,0.494677491730266
000002_135_L6D.png,0.512679225273904
000002_136_L6D.png,0.617729357785084
000002_137_L6D.png,0.376823913198707
000002_138_L6D.png,0.213971786749585
000002_139_L6D.png,0.408676376441543
000002_13_L6S.png,0.463856575919922
000002_140_L6D.png,0.535823791873267
000002_141_L6D.png,0.46049674419969
000002_142_L6D.png,0.376467857302685
000002_143_L6D.png,0.541115801603566
000002_144_L6D.png,0.0456282199888376
000002_145_L6D.png,0.61055221106385
000002_146_L6D.png,0.624497500453799
000002_146_UV6.png,0.63252896658852
000002_147_L6D.png,0.446293435718955
000002_147_UV6.png,0.453361762147556
000002_148_L6D.png,0.598985608902609
000002_149_L6D.png,0.594059148782512
000002_14_L6S.png,0.590118346187682
000002_150_L6D.png,0.225890705877792
000002_151_L6D.png,0.570833665948427
000002_152_L6D.png,0.385636212212441
000002_153_L6D.png,0.248628422257844
000002_154_L6D.png,0.570564081837649
000002_155_L6D.png,0.485049715552769
000002_156_L6D.png,0.585437558967184
000002_157_L6D.png,0.606360191985608
000002_158_L6D.png,0.651521949757039
000002_159_L6D.png,0.36910443698477
000002_15_L6S.png,0.446968648560651
000002_15_h264_18.png,0.460748783934881
000002_15_h264_33.png,0.496876258937343
000002_15_h264_43.png,0.501513705950717
000002_160_L6D.png,0.586082477492185
000002_161_L6D.png,0.700294677882571
000002_161_UV6.png,0.692890541924079
000002_162_L6D.png,0.574892176130847
000002_164_L6D.png,0.192563496538209
000002_166_L6D.png,0.646972190512179
000002_16_L6S.png,0.515279974259261
000002_170_L6D.png,0.528808349402073
000002_171_L6D.png,0.632638517755321
000002_171_UV6.png,0.682649463148467
000002_172_L6D.png,0.626213592838422
000002_173_L6D.png,0.647814732883594
000002_174_L6D.png,0.15852185456967
000002_175_L6D.png,0.47029589483188
000002_176_L6D.png,0.564559644623574
000002_176_UV6.png,0.60495776143859
000002_177_L6D.png,0.596148468157067
000002_178_L6D.png,0.564478961941427
000002_179_L6D.png,0.662411615835923
000002_179_UV6.png,0.682129717333084
000002_17_L6S.png,0.260842770448796
000002_180_L6D.png,0.631084208799485
000002_180_UV6.png,0.621219780485496
000002_181_L6D.png,0.389442579583144
000002_182_L6D.png,0.536979597665123
000002_183_L6D.png,0.543336889146884
000002_184_L6D.png,0.556390445564998
000002_185_L6D.png,0.20687847697724
000002_186_L6D.png,0.41732826129104
000002_187_L6D.png,0.447736010191388
000002_188_L6D.png,0.462015503455021
000002_189_L6D.png,0.29320382360286
000002_18_L6S.png,0.633469763283853
000002_190_L6D.png,0.580780688347473
000002_191_L6D.png,0.408230158707784
000002_192_L6D.png,0.459374505585293
000002_193_L6D.png,0.189278944745626
000002_194_L6D.png,0.603184109543908
000002_195_L6D.png,0.482490670617165
000002_196_L6D.png,0.525286528085893
000002_198_L6D.png,0.580594910144195
000002_199_L6D.png,0.507426153306301
000002_19_L6S.png,0.49806279876463
000002_1_L6S.png,0.458633110730621
000002_200_L6D.png,0.414496584617249
000002_201_U5S.png,0.561907511053019
000002_202_U5S.png,0.556709088778229
000002_203_U5S.png,0.299865307824235
000002_204_U5S.png,0.586133899571962
000002_205_U5S.png,0.384456489838571
000002_206_U5S.png,0.651315298890539
000002_207_U5S.png,0.550283908399828
000002_208_U5S.png,0.643482466842742
000002_209_U5S.png,0.606051020532586
000002_20_L6S.png,0.411654454583255
000002_210_U5S.png,0.745447030372797
000002_211_U5S.png,0.550865028738281
000002_212_U5S.png,0.574933853679062
000002_213_U5S.png,0.594730373578197
000002_214_U5S.png,0.583838555629528
000002_215_U5S.png,0.311611744145713
000002_216_U5S.png,0.576099914070913
000002_217_U5S.png,0.551315260687457
000002_218_U5S.png,0.527212094469807
000002_219_U5S.png,0.595855093050529
000002_21_L6S.png,0.512282299729417
000002_220_U5S.png,0.700044021590915
000002_221_U5S.png,0.521765840461082
000002_222_U5S.png,0.777328008627304
000002_223_U5S.png,0.397446112425501
000002_224_U5S.png,0.479128708684745
000002_225_U5S.png,0.50195962295825
000002_226_U5S.png,0.482516453339523
000002_227_U5S.png,0.377180097989392
000002_228_U5S.png,0.627608159489426
000002_229_U5S.png,0.554543219113869
000002_22_L6S.png,0.560721533825416
000002_230_U5S.png,0.587343123600544
000002_231_U5S.png,0.518258527523327
000002_233_U5S.png,0.426334190785794
000002_234_U5S.png,0.701979955899853
000002_235_U5S.png,0.189636033845314
000002_236_U5S.png,0.46175187213538
000002_237_U5S.png,0.620542353890595
000002_238_U5S.png,0.574423284706565
000002_239_U5S.png,0.499017038691892
000002_23_L6S.png,0.573914242688163
000002_240_U5S.png,0.418674131567212
000002_241_U5S.png,0.264512028460085
000002_242_U5S.png,0.643923703293791
000002_243_U5S.png,0.577268615938286
000002_244_U5S.png,0.423834278479228
000002_244_UV6.png,0.273168468138721
000002_245_U5S.png,0.532663040773528
000002_246_U5S.png,0.556755593346389
000002_247_U5S.png,0.490219470818823
000002_248_U5S.png,0.280468044109713
000002_249_U5S.png,0.450675815110265
000002_24_L6S.png,0.524604760333133
000002_250_U5S.png,0.611058882326687
000002_251_U5S.png,0.49837345916454
000002_252_U5S.png,0.428424298457969
000002_253_U5S.png,0.592779160073073
000002_254_U5S.png,0.539926327682052
000002_255_U5S.png,0.6475274334378
000002_256_U5S.png,0.592160207930728
000002_257_U5S.png,0.416600185724681
000002_258_U5S.png,0.599095955772648
000002_259_U5S.png,0.541690111882294
000002_259_UV6.png,0.504313901782991
000002_25_L6S.png,0.406160895558666
000002_260_U5S.png,0.561393666561938
000002_261_U5S.png,0.566255609606689
000002_262_U5S.png,0.332612138137802
000002_263_U5S.png,0.381761614771819
000002_264_U5S.png,0.489476513794063
000002_265_U5S.png,0.308230162456855
000002_266_U5S.png,0.610550370024508
000002_267_U5S.png,0.291142392774217
000002_268_U5S.png,0.342259660753514
000002_269_U5S.png,0.393689912125718
000002_26_L6S.png,0.541499275363578
000002_270_U5S.png,0.526692285859227
000002_270_UV6.png,0.554903088874594
000002_271_U5S.png,0.561704305678428
000002_272_U5S.png,0.506886048283631
000002_273_U5S.png,0.611107110847603
000002_274_U5S.png,0.500761268018251
000002_275_U5S.png,0.375831494666087
000002_276_U5S.png,0.484015909875593
000002_277_U5S.png,0.55977497414258
000002_278_U5S.png,0.311479902588336
000002_279_U5S.png,0.383338492289446
000002_27_L6S.png,0.568603208853862
000002_280_U5S.png,0.53321696940732
000002_280_UV6.png,0.534616052156975
000002_281_U5S.png,0.413204470040038
000002_282_U5S.png,0.382784700231994
000002_283_U5S.png,0.457139493966079
000002_283_UV6.png,0.457369221559743
000002_284_U5S.png,0.607096501816865
000002_285_U5S.png,0.349591706251803
000002_285_UV6.png,0.346846181573987
000002_286_U5S.png,0.635970690550745
000002_286_UV6.png,0.613954691316208
000002_287_U5S.png,0.383725525647492
000002_287_UV6.png,0.370322635920594
000002_288_U5S.png,0.387875178175961
000002_288_UV6.png,0.38769540227652
000002_289_U5S.png,0.193631754927349
000002_289_UV6.png,0.188421608841918
000002_28_L6S.png,0.607334946491633
000002_290_U5S.png,0.638807682232935
000002_290_UV6.png,0.592108263462972
000002_291_U5S.png,0.472466120356552
000002_291_UV6.png,0.528559294199681
000002_292_U5S.png,0.150333015573009
000002_293_U5S.png,0.223608862284167
000002_294_U5S.png,0.485525814515965
000002_295_U5S.png,0.492713978976738
000002_296_U5S.png,0.49228808747098
000002_297_U5S.png,0.58999867180387
000002_298_U5S.png,0.250077306287737
000002_299_U5S.png,0.555884495192294
000002_29_L6S.png,0.289112334858147
000002_2_L6S.png,0.580850197337162
000002_300_U5S.png,0.507772643752129
000002_301_U6S.png,0.567725453003591
000002_302_U6S.png,0.385422152634179
000002_303_U6S.png,0.575844216888496
000002_304_U6S.png,0.554470972163589
000002_304_UV6.png,0.554470972163589
000002_305_U6S.png,0.5852526214777
000002_306_U6S.png,0.39149447790673
000002_307_U6S.png,0.650434058061041
000002_308_U6S.png,0.30100650191802
000002_309_U6S.png,0.62361543824618
000002_30_L6S.png,0.432374174363098
000002_30_h264_18.png,0.430583505010585
000002_30_h264_33.png,0.468668061789984
000002_30_h264_43.png,0.494313371552083
000002_310_U6S.png,0.400668383195383
000002_311_U6S.png,0.389886662644237
000002_311_UV6.png,0.389886662644237
000002_312_U6S.png,0.341498955566069
000002_313_U6S.png,0.348610556143283
000002_314_U6S.png,0.248069771973037
000002_315_U6S.png,0.579919786082078
000002_316_U6S.png,0.597220619426215
000002_317_U6S.png,0.45534399702622
000002_318_U6S.png,0.615909013794715
000002_319_U6S.png,0.441543642036911
000002_31_L6S.png,0.605345263200091
000002_320_U6S.png,0.160376158609539
000002_321_U6S.png,0.468980318861157
000002_322_U6S.png,0.603983115469888
000002_323_U6S.png,0.497474739692433
000002_324_U6S.png,0.244086903028021
000002_325_U6S.png,0.542694319440812
000002_326_U6S.png,0.258353456689994
000002_327_U6S.png,0.530294475823579
000002_327_UV6.png,0.530294475823579
000002_329_U6S.png,0.60495776143859
000002_32_L6S.png,0.239053855605376
000002_330_U6S.png,0.450421642908178
000002_331_U6S.png,0.519697026185907
000002_332_U6S.png,0.234703416298188
000002_333_U6S.png,0.588154271698031
000002_334_U6S.png,0.2352366215954
000002_335_U6S.png,0.226862446336617
000002_336_U6S.png,0.0815363206688062
000002_337_U6S.png,0.557010149397269
000002_337_UV6.png,0.557010149397269
000002_338_U6S.png,0.0783626567353332
000002_338_UV6.png,0.0783626567353332
000002_339_U6S.png,0.200484312073942
000002_33_L6S.png,0.234789282619712
000002_340_U6S.png,0.195809271867656
000002_341_U6S.png,0.551745111911946
000002_341_UV6.png,0.551745111911946
000002_342_U6S.png,0.519323193922538
000002_343_U6S.png,0.533127104564118
000002_343_UV6.png,0.533127104564118
000002_344_U6S.png,0.616185913693912
000002_345_U6S.png,0.389353393103285
000002_346_U6S.png,0.191354033103677
000002_347_U6S.png,0.258000721477722
000002_348_U6S.png,0.237622498267068
000002_349_U6S.png,0.184609879626323
000002_34_L6S.png,0.543326592153884
000002_350_U6S.png,0.659006809854597
000002_351_U6S.png,0.633538022484659
000002_352_U6S.png,0.393218684422714
000002_352_UV6.png,0.393218684422714
000002_353_U6S.png,0.0599439852143819
000002_354_U6S.png,0.380356689871491
000002_355_U6S.png,0.370118022026603
000002_356_U6S.png,0.572231018046229
000002_357_U6S.png,0.390522501180813
000002_358_U6S.png,0.357498120623565
000002_358_UV6.png,0.357498120623565
000002_359_U6S.png,0.310615906274521
000002_35_L6S.png,0.514646071181372
000002_360_U6S.png,0.218235745816355
000002_361_U6S.png,0.363065318761212
000002_362_U6S.png,0.413442955613894
000002_363_U6S.png,0.381517181160812
000002_364_U6S.png,0.506470933919022
000002_365_U6S.png,0.259672391813049
000002_366_U6S.png,0.53119419092983
000002_367_U6S.png,0.383184735591218
000002_368_U6S.png,0.416269089214676
000002_369_U6S.png,0.648987530139759
000002_36_L6S.png,0.605246213994428
000002_36_h264_18.png,0.576309384245553
000002_36_h264_33.png,0.582564287688539
000002_36_h264_43.png,0.608319354039089
000002_370_U6S.png,0.274943938726393
000002_370_UV6.png,0.274943938726393
000002_371_U6S.png,0.267726111609427
000002_371_UV6.png,0.267726111609427
000002_372_U6S.png,0.623301038068307
000002_373_U6S.png,0.392552329773445
000002_374_U6S.png,0.275786811142183
000002_375_U6S.png,0.511736884260987
000002_376_U6S.png,0.259242739535335
000002_377_U6S.png,0.480032897138272
000002_378_U6S.png,0.483301148427804
000002_379_U6S.png,0.431118602178559
000002_37_L6S.png,0.290653970298227
000002_380_U6S.png,0.315763853752639
000002_381_U6S.png,0.187049810963776
000002_382_U6S.png,0.567561962413262
000002_383_U6S.png,0.357420512391318
000002_384_U6S.png,0.113325221230394
000002_385_U6S.png,0.265519316469341
000002_386_U6S.png,0.408623710214741
000002_387_U6S.png,0.226009326240516
000002_388_U6S.png,0.29744193186699
000002_389_U6S.png,0.123412162415156
000002_38_L6S.png,0.544747796500781
000002_390_U6S.png,0.565729363033532
000002_391_U6S.png,0.167444810138821
000002_392_U6S.png,0.260059292407834
000002_393_U6S.png,0.150430488140608
000002_394_U6S.png,0.377266910189802
000002_395_U6S.png,0.45864964146243
000002_396_U6S.png,0.439157479186534
000002_397_U6S.png,0.354597100315469
000002_398_U6S.png,0.342108067068041
000002_39_L6S.png,0.424013625401814
000002_3_L6S.png,0.419025965008242
000002_406_U5D.png,0.802450793528489
000002_40_L6S.png,0.580850197337162
000002_411_U5D.png,0.57970623156694
000002_416_U5D.png,0.711997750375968
000002_422_U5D.png,0.653669501882126
000002_425_U5D.png,0.349708569153735
000002_426_U5D.png,0.576479722226691
000002_42_L6S.png,0.588162367902082
000002_434_U5D.png,0.673151630513027
000002_436_U5D.png,0.472677047794613
000002_445_U5D.png,0.719768173795577
000002_446_U5D.png,0.470770841809863
000002_44_L6S.png,0.594939494128313
000002_456_U5D.png,0.655063740762148
000002_457_U5D.png,0.470614105369451
000002_458_U5D.png,0.654274039623144
000002_468_U5D.png,0.599479531206494
000002_470_U5D.png,0.632010493115175
000002_471_U5D.png,0.575310026526474
000002_472_U5D.png,0.629361446686812
000002_473_U5D.png,0.690005505287079
000002_474_U5D.png,0.510914388181274
000002_476_U5D.png,0.647592858970062
000002_477_U5D.png,0.686924774766777
000002_478_U5D.png,0.582134014515842
000002_479_U5D.png,0.613738929400017
000002_47_L6S.png,0.498574257191475
000002_481_U5D.png,0.535252601446504
000002_482_U5D.png,0.574933853679062
000002_483_U5D.png,0.578809230046476
000002_484_U5D.png,0.535677265314108
000002_485_U5D.png,0.551458745324204
000002_486_U5D.png,0.464919047703816
000002_487_U5D.png,0.611058882326687
000002_488_U5D.png,0.464240242024479
000002_489_U5D.png,0.574933853679062
000002_48_L6S.png,0.420902275109441
000002_490_U5D.png,0.486589310525595
000002_491_U5D.png,0.594730373578197
000002_492_U5D.png,0.583838555629528
000002_493_U5D.png,0.488890285565672
000002_494_U5D.png,0.509925528846071
000002_495_U5D.png,0.649978157000718
000002_496_U5D.png,0.644131960188737
000002_498_U5D.png,0.633120704590087
000002_499_U5D.png,0.537567597772453
000002_49_L6S.png,0.209667613284216
000002_49_h264_33.png,0.215743962047536
000002_49_h264_43.png,0.24239343478878
000002_4_L6S.png,0.399967904599753
000002_500_U5D.png,0.314488196767214
000002_502_UV6.png,0.574043467837759
000002_503_UV6.png,0.397905378506235
000002_504_UV6.png,0.507175908682727
000002_505_UV6.png,0.483484691022841
000002_506_UV6.png,0.667557765187837
000002_507_UV6.png,0.349664825412617
000002_508_UV6.png,0.544439885934835
000002_510_UV6.png,0.479657390421588
000002_511_UV6.png,0.633704751754274
000002_512_UV6.png,0.549748755252617
000002_513_UV6.png,0.626140883600686
000002_514_UV6.png,0.608227535328978
000002_515_UV6.png,0.476171667216512
000002_516_UV6.png,0.529010658950508
000002_517_UV6.png,0.478302063661563
000002_518_UV6.png,0.590155572149183
000002_519_UV6.png,0.55240507536396
000002_51_L6S.png,0.206690051091548
000002_51_h264_33.png,0.245240038072898
000002_51_h264_43.png,0.256744968502042
000002_520_UV6.png,0.572887006927253
000002_521_UV6.png,0.0955655504373523
000002_522_UV6.png,0.442931360446018
000002_523_UV6.png,0.387536938661648
000002_524_UV6.png,0.529010658950508
000002_525_UV6.png,0.657655298918356
000002_526_UV6.png,0.556926041232646
000002_527_UV6.png,0.485733093014332
000002_528_UV6.png,0.420002227940867
000002_529_UV6.png,0.609752754827382
000002_52_L6S.png,0.57042636092249
000002_530_UV6.png,0.583013802100544
000002_531_UV6.png,0.66402465768957
000002_532_UV6.png,0.529838174049391
000002_533_UV6.png,0.465315474805226
000002_534_UV6.png,0.58670826736686
000002_535_UV6.png,0.609783928664014
000002_536_UV6.png,0.353526050722448
000002_537_UV6.png,0.687967376380983
000002_538_UV6.png,0.486317069998705
000002_539_UV6.png,0.588874689872792
000002_540_UV6.png,0.493961295376876
000002_541_UV6.png,0.412576991091003
000002_542_UV6.png,0.388273316462134
000002_543_UV6.png,0.613795704651468
000002_544_UV6.png,0.375200210305616
000002_545_UV6.png,0.369586166496054
000002_546_UV6.png,0.310011801331579
000002_547_UV6.png,0.463907349873526
000002_548_UV6.png,0.339473597916732
000002_549_UV6.png,0.345123979516322
000002_54_L6S.png,0.416077329177836
000002_550_UV6.png,0.0606588886739067
000002_551_UV6.png,0.522743376369678
000002_552_UV6.png,0.595943972892294
000002_553_UV6.png,0.509599561684441
000002_554_UV6.png,0.726222263423427
000002_555_UV6.png,0.403854636603476
000002_556_UV6.png,0.569143377991955
000002_557_UV6.png,0.516094139734841
000002_558_UV6.png,0.650723572002854
000002_559_UV6.png,0.763754439876087
000002_55_L6S.png,0.431835245870099
000002_560_UV6.png,0.772973918485834
000002_561_UV6.png,0.723875964245543
000002_562_UV6.png,0.456239451472677
000002_563_UV6.png,0.701944337399221
000002_564_UV6.png,0.417688623368165
000002_565_UV6.png,0.54087777936056
000002_566_UV6.png,0.402080588828637
000002_567_UV6.png,0.387727404975177
000002_568_UV6.png,0.544526996216011
000002_569_UV6.png,0.263494759089054
000002_56_L6S.png,0.524544440772987
000002_570_UV6.png,0.491956083557615
000002_571_UV6.png,0.429623694475328
000002_572_UV6.png,0.263068932261804
000002_573_UV6.png,0.549134772829664
000002_574_UV6.png,0.364153964462714
000002_575_UV6.png,0.198220291526717
000002_576_UV6.png,0.460222842283113
000002_577_UV6.png,0.448220615419055
000002_578_UV6.png,0.073551963698587
000002_579_UV6.png,0.0520201653786964
000002_57_L6S.png,0.498866708972315
000002_580_UV6.png,0.540947658809754
000002_585_UV6.png,0.0422207376740636
000002_586_UV6.png,0.0569164569984005
000002_587_UV6.png,0.623142219589726
000002_588_UV6.png,0.0195898056277231
000002_589_UV6.png,0.0209157638396565
000002_58_L6S.png,0.274987827262832
000002_590_UV6.png,0.245662677321824
000002_591_UV6.png,0.551389312486191
000002_592_UV6.png,0.244111913907325
000002_593_UV6.png,0.53405706602935
000002_594_UV6.png,0.25184319206365
000002_595_UV6.png,0.290741060618752
000002_596_UV6.png,0.466204436363615
000002_597_UV6.png,0.325524772873866
000002_598_UV6.png,0.567995693899602
000002_599_UV6.png,0.467848230654519
000002_59_L6S.png,0.533353073701347
000002_5_L6S.png,0.489452258650182
000002_600_UV6.png,0.409528161299615
000002_601_L6S.png,0.498589191710029
000002_601_h264_18.png,0.517123328894092
000002_601_h264_33.png,0.530291031915385
000002_601_h264_43.png,0.583557245494794
000002_602_L6S.png,0.671048373710482
000002_602_h264_43.png,0.509164228687681
000002_603_L6S.png,0.441262156504765
000002_603_h264_43.png,0.478824388423638
000002_604_L6S.png,0.412895969633584
000002_604_h264_43.png,0.463691621648507
000002_605_L6S.png,0.463343186342423
000002_605_h264_43.png,0.453611236609618
000002_606_L6S.png,0.149682325858206
000002_606_h264_43.png,0.198567114327672
000002_607_L6S.png,0.353851045015504
000002_607_h264_43.png,0.458136950481778
000002_608_L6S.png,0.439288745468145
000002_608_h264_18.png,0.447060045974925
000002_608_h264_33.png,0.44708810919847
000002_608_h264_43.png,0.45999464286831
000002_609_L6S.png,0.280995991366749
000002_609_h264_43.png,0.423115788364882
000002_60_L6S.png,0.345497611215546
000002_60_h264_33.png,0.397319264605585
000002_60_h264_43.png,0.479899043049063
000002_610_L6S.png,0.0762846559835178
000002_610_h264_18.png,0.0860921503446128
000002_611_L6S.png,0.104414702384912
000002_611_h264_33.png,0.123787095781645
000002_611_h264_43.png,0.190114571615454
000002_612_L6S.png,0.0139771203018316
000002_612_h264_43.png,0.0246855033151266
000002_613_L6S.png,0.255039830183179
000002_614_L6S.png,0.487667835893948
000002_614_h264_43.png,0.497731316110239
000002_615_L6S.png,0.426005190008567
000002_615_h264_43.png,0.45332574980455
000002_616_L6S.png,0.538725353658415
000002_616_h264_43.png,0.544384264973286
000002_617_h264_43.png,0.612573317451718
000002_618_L6S.png,0.654128033014165
000002_618_h264_43.png,0.629855511463365
000002_619_L6S.png,0.358208772854022
000002_619_h264_18.png,0.361203574805227
000002_619_h264_43.png,0.450963398117232
000002_61_L6S.png,0.614814545107643
000002_620_L6S.png,0.773106822935607
000002_620_h264_33.png,0.835111039967783
000002_620_h264_43.png,0.705702937168573
000002_621_L6S.png,0.430286084372781
000002_622_L6S.png,0.134086282372488
000002_623_L6S.png,0.0887144731725208
000002_624_L6S.png,0.27401471540012
000002_624_h264_43.png,0.327587518876795
000002_625_L6S.png,0.489488706284542
000002_625_h264_18.png,0.510077851975535
000002_625_h264_33.png,0.687385658092439
000002_625_h264_43.png,0.693933355006311
000002_626_L6S.png,0.600047371734214
000002_626_h264_33.png,0.582732171912115
000002_627_L6S.png,0.497349515627972
000002_627_h264_33.png,0.546141854890265
000002_628_L6S.png,0.312055387024999
000002_628_h264_18.png,0.331152458846705
000002_628_h264_43.png,0.338359359398981
000002_629_L6S.png,0.511210811260784
000002_62_L6S.png,0.28702297091246
000002_62_h264_33.png,0.323286370833119
000002_62_h264_43.png,0.328148734253634
000002_630_L6S.png,0.667525359779182
000002_630_h264_18.png,0.734370925111891
000002_630_h264_33.png,0.647890359645004
000002_630_h264_43.png,0.811857602547489
000002_631_L6S.png,0.435914858176625
000002_631_h264_43.png,0.519116084293027
000002_632_L6S.png,0.485331920325734
000002_632_h264_18.png,0.516323942583763
000002_633_L6S.png,0.387965305833095
000002_634_L6S.png,0.585718146981939
000002_634_h264_33.png,0.583841397606832
000002_634_h264_43.png,0.554246947514997
000002_635_L6S.png,0.62327547299932
000002_635_h264_43.png,0.605434804581145
000002_636_L6S.png,0.530283490165541
000002_637_L6S.png,0.580168022322482
000002_638_L6S.png,0.59032270325928
000002_638_h264_43.png,0.568851112269416
000002_639_L6S.png,0.578105535918463
000002_639_h264_43.png,0.552672589872597
000002_63_L6S.png,0.306542517902439
000002_640_L6S.png,0.570964149212609
000002_640_h264_43.png,0.599824905926296
000002_641_L6S.png,0.617740039047888
000002_641_h264_18.png,0.616962134392989
000002_641_h264_33.png,0.586786580292741
000002_641_h264_43.png,0.569132638770972
000002_642_L6S.png,0.603615368630679
000002_642_h264_43.png,0.899112153101926
000002_643_L6S.png,0.650656994145756
000002_643_h264_43.png,0.641080870488611
000002_644_L6S.png,0.528572909172364
000002_644_h264_43.png,0.619487946351927
000002_645_L6S.png,0.402447484816651
000002_645_h264_33.png,0.39768106617118
000002_645_h264_43.png,0.415128510310711
000002_646_L6S.png,0.454410458725036
000002_646_h264_33.png,0.456539358392283
000002_646_h264_43.png,0.478689227811779
000002_647_L6S.png,0.619526745955428
000002_647_h264_33.png,0.608530200165826
000002_648_L6S.png,0.328505337984285
000002_648_h264_33.png,0.343538056146259
000002_648_h264_43.png,0.354086176922849
000002_649_L6S.png,0.546534760086209
000002_649_h264_43.png,0.559906425011772
000002_64_L6S.png,0.505087734422612
000002_650_L6S.png,0.452760895155071
000002_650_h264_18.png,0.406217754831911
000002_650_h264_33.png,0.44697237564321
000002_650_h264_43.png,0.517511497120937
000002_651_L6S.png,0.248785590228193
000002_651_h265_18.png,0.237318653952732
000002_651_h265_33.png,0.266556729139703
000002_651_h265_43.png,0.453989068801093
000002_652_L6S.png,0.582198971039131
000002_652_h265_33.png,0.636066964391795
000002_652_h265_43.png,0.654872537547701
000002_653_L6S.png,0.31938044332614
000002_653_h265_18.png,0.316006036658403
000002_653_h265_43.png,0.357843100268972
000002_654_L6S.png,0.292277206618784
000002_654_h265_18.png,0.323416780660035
000002_654_h265_43.png,0.386229262411679
000002_655_L6S.png,0.578693310065444
000002_655_h265_33.png,0.594043680788288
000002_656_L6S.png,0.620088494989075
000002_656_h265_43.png,0.644288153283838
000002_657_L6S.png,0.29880771694588
000002_657_h265_18.png,0.30896392417717
000002_657_h265_33.png,0.322418208971824
000002_657_h265_43.png,0.330127854877434
000002_658_L6S.png,0.577312396836597
000002_658_h265_33.png,0.565164388403128
000002_658_h265_43.png,0.573807217029618
000002_659_L6S.png,0.602446666412388
000002_659_h265_33.png,0.632089490145681
000002_659_h265_43.png,0.614269315124207
000002_65_L6S.png,0.490137853463503
000002_660_L6S.png,0.576819618683175
000002_660_h265_18.png,0.543123675199806
000002_661_L6S.png,0.557687515429289
000002_661_h265_43.png,0.555397391889675
000002_662_L6S.png,0.611788365084008
000002_662_h265_18.png,0.621480473773768
000002_662_h265_43.png,0.579737770998206
000002_663_L6S.png,0.563247689643554
000002_663_h265_33.png,0.596309352352876
000002_664_L6S.png,0.573152996937919
000002_664_h265_43.png,0.530579389503413
000002_665_L6S.png,0.537645537577426
000002_665_h265_43.png,0.594108534447698
000002_669_L6S.png,0.615252885766397
000002_669_h265_18.png,0.603825928328183
000002_669_h265_43.png,0.67327522085203
000002_66_L6S.png,0.529485547871869
000002_66_h264_33.png,0.552694554795832
000002_66_h264_43.png,0.531156231075438
000002_670_L6S.png,0.498192964842848
000002_670_h265_18.png,0.520771723021055
000002_670_h265_43.png,0.521784646348544
000002_675_L6S.png,0.672588623530571
000002_675_h265_43.png,0.670584871901299
000002_676_L6S.png,0.599339333927388
000002_676_vp9_45.png,0.656987024883771
000002_676_vp9_60.png,0.679509995588273
000002_677_L6S.png,0.660545081150449
000002_677_vp9_45.png,0.688901734825778
000002_677_vp9_60.png,0.698518778686142
000002_678_L6S.png,0.568139612832182
000002_678_vp9_45.png,0.583209048914857
000002_678_vp9_60.png,0.578069766364727
000002_679_L6S.png,0.697460410741413
000002_679_vp9_45.png,0.810078762703926
000002_679_vp9_60.png,0.770178858163377
000002_67_L6S.png,0.585782707682497
000002_680_L6S.png,0.606177676279017
000002_680_vp9_28.png,0.654704720277776
000002_680_vp9_45.png,0.629634536485501
000002_680_vp9_60.png,0.61708889362844
000002_681_L6S.png,0.276889147372203
000002_681_vp9_45.png,0.262408742834151
000002_681_vp9_60.png,0.269081525579173
000002_682_L6S.png,0.417003500009454
000002_682_vp9_28.png,0.424342217839837
000002_682_vp9_45.png,0.424756941026581
000002_682_vp9_60.png,0.445410002420199
000002_683_L6S.png,0.325595234436637
000002_683_vp9_45.png,0.355502615971326
000002_683_vp9_60.png,0.403080154130733
000002_684_L6S.png,0.233258432270597
000002_684_vp9_60.png,0.291362245600075
000002_685_L6S.png,0.155236897245354
000002_685_vp9_60.png,0.176332659496333
000002_686_L6S.png,0.213122317611908
000002_686_vp9_45.png,0.255967577140858
000002_686_vp9_60.png,0.282441022578455
000002_687_L6S.png,0.583942926760293
000002_687_vp9_60.png,0.65535421291482
000002_688_L6S.png,0.491028213613581
000002_688_vp9_60.png,0.556880090848878
000002_689_L6S.png,0.387657878181336
000002_689_vp9_28.png,0.41129087917327
000002_689_vp9_45.png,0.445999817517766
000002_689_vp9_60.png,0.50061267366321
000002_68_L6S.png,0.212134580548236
000002_690_L6S.png,0.464283410547457
000002_690_vp9_45.png,0.585313130445976
000002_690_vp9_60.png,0.58775783727213
000002_691_L6S.png,0.383754121488808
000002_691_vp9_45.png,0.423610384346982
000002_691_vp9_60.png,0.484398273196209
000002_692_L6S.png,0.563924221137032
000002_692_vp9_45.png,0.572695381259518
000002_692_vp9_60.png,0.561319729360003
000002_693_L6S.png,0.692591463037741
000002_693_vp9_45.png,0.706569424052669
000002_693_vp9_60.png,0.714895059041359
000002_694_L6S.png,0.453329626725072
000002_694_vp9_28.png,0.535728602881597
000002_694_vp9_45.png,0.57920974913707
000002_694_vp9_60.png,0.596695222053185
000002_695_L6S.png,0.438970588667976
000002_695_vp9_45.png,0.559499404588844
000002_695_vp9_60.png,0.569205414417235
000002_696_L6S.png,0.490372266011603
000002_696_vp9_45.png,0.529112081016282
000002_696_vp9_60.png,0.524889258681021
000002_697_L6S.png,0.463058996506475
000002_697_vp9_60.png,0.644939845668828
000002_698_L6S.png,0.4883345004444
000002_698_vp9_60.png,0.66929863644997
000002_699_L6S.png,0.38356660504027
000002_699_vp9_60.png,0.50040756890248
000002_69_L6S.png,0.280534903320446
000002_6_L6S.png,0.313450721741314
000002_700_L6S.png,0.396054018413184
000002_700_vp9_60.png,0.551182959763791
000002_701_U5S.png,0.504831978076489
000002_702_U5S.png,0.34320178830633
000002_703_U5S.png,0.156418603254224
000002_704_U5S.png,0.173601487504027
000002_705_U5S.png,0.515541484819317
000002_706_U5S.png,0.533972889548385
000002_707_U5S.png,0.48983523946733
000002_708_U5S.png,0.440601463943228
000002_709_U5S.png,0.891130663345234
000002_70_L6S.png,0.396125933818024
000002_70_h264_33.png,0.39830027731008
000002_70_h264_43.png,0.399630858960787
000002_710_U5S.png,0.624938998840961
000002_711_U5S.png,0.545177614383218
000002_712_U5S.png,0.857879636595606
000002_713_U5S.png,0.125208202684175
000002_714_U5S.png,0.273732313235678
000002_715_U5S.png,0.280260626436832
000002_716_U5S.png,0.493160919601702
000002_717_U5S.png,0.451848448992659
000002_718_U5S.png,0.0961215635339715
000002_719_U5S.png,0.370781194352165
000002_71_L6S.png,0.349162110563537
000002_720_U5S.png,0.404051366993019
000002_721_U5S.png,0.568443274142651
000002_722_U5S.png,0.368986279835913
000002_723_U5S.png,0.427672474985514
000002_724_U5S.png,0.525426369979923
000002_725_U5S.png,0.560189524986712
000002_726_U5S.png,0.551362411237545
000002_727_U5S.png,0.637728885252903
000002_728_U5S.png,0.191325132885896
000002_729_U5S.png,0.640907932474235
000002_72_L6S.png,0.252993493596691
000002_730_U5S.png,0.575025278078298
000002_731_U5S.png,0.381681134082633
000002_732_U5S.png,0.701256726213253
000002_733_U5S.png,0.652588160777962
000002_734_U5S.png,0.966797401067792
000002_735_U5S.png,0.527227251169973
000002_736_U5S.png,0.181902250529154
000002_737_U5S.png,0.516967507408872
000002_738_U5S.png,0.468030600066716
000002_739_U5S.png,0.102661403357096
000002_73_L6S.png,0.557432653435669
000002_740_U5S.png,0.324653454606363
000002_741_U5S.png,0.294569996888452
000002_742_U5S.png,0.568275796453918
000002_743_U5S.png,0.538268438271463
000002_744_U5S.png,0.555023182440963
000002_745_U5S.png,0.537647770014291
000002_746_U5S.png,0.706265140562992
000002_747_U5S.png,0.529888388450444
000002_748_U5S.png,0.454226875088017
000002_749_U5S.png,0.405509438574957
000002_74_L6S.png,0.462628452400409
000002_750_U5S.png,0.549963678472141
000002_751_U5S.png,0.283716204370777
000002_752_U5S.png,0.250660499760458
000002_753_U5S.png,0.385381567363768
000002_754_U5S.png,0.278913887752575
000002_755_U5S.png,0.345189799044816
000002_756_U5S.png,0.42385423703841
000002_757_U5S.png,0.57537405790321
000002_758_U5S.png,0.341146493084389
000002_759_U5S.png,0.415076588421772
000002_75_L6S.png,0.521614730422509
000002_75_h264_18.png,0.490069587183609
000002_75_h264_33.png,0.542618398586678
000002_75_h264_43.png,0.5032755335549
000002_760_U5S.png,0.445950443712635
000002_761_U5S.png,0.521520939190824
000002_762_U5S.png,0.327302743165531
000002_763_U5S.png,0.30663252023825
000002_764_U5S.png,0.539281536071502
000002_765_U5S.png,0.505768230617911
000002_766_U5S.png,0.593227946825635
000002_767_U5S.png,0.404437148605527
000002_768_U5S.png,0.473041125482872
000002_769_U5S.png,0.517084491644718
000002_76_L6S.png,0.590118346187682
000002_770_U5S.png,0.498185044609895
000002_771_U5S.png,0.535249389546661
000002_772_U5S.png,0.52115603442159
000002_773_U5S.png,0.54325088153933
000002_774_U5S.png,0.393904529067602
000002_775_U5S.png,0.458015119984262
000002_776_U5S.png,0.425705604831813
000002_777_U5S.png,0.477169728048777
000002_778_U5S.png,0.391670523069518
000002_779_U5S.png,0.57458367014112
000002_77_L6S.png,0.32413065546594
000002_780_U5S.png,0.379850898237387
000002_781_U5S.png,0.378099522335551
000002_782_U5S.png,0.338508539597494
000002_783_U5S.png,0.498085111592082
000002_784_U5S.png,0.374618872959463
000002_785_U5S.png,0.525653361690177
000002_786_U5S.png,0.465794957161641
000002_787_U5S.png,0.630339092494198
000002_788_U5S.png,0.433145476461824
000002_789_U5S.png,0.643017070041008
000002_78_L6S.png,0.195740789431841
000002_790_U5S.png,0.52195225058914
000002_791_U5S.png,0.409323158430695
000002_792_U5S.png,0.500737448493547
000002_793_U5S.png,0.340057183699272
000002_794_U5S.png,0.616524020174163
000002_795_U5S.png,0.461199260012435
000002_796_U5S.png,0.00826034494300643
000002_797_U5S.png,0.235376852995528
000002_798_U5S.png,0.286313222472214
000002_799_U5S.png,0.319559342130183
000002_79_L6S.png,0.543820196178908
000002_800_U5S.png,0.865378222522248
000002_801_U6S.png,0.584516046504229
000002_802_U6S.png,0.394219392648027
000002_803_U6S.png,0.543561990554267
000002_804_U6S.png,0.49674465418783
000002_805_U6S.png,0.411504756407165
000002_806_U6S.png,0.625867840395964
000002_807_U6S.png,0.580029967366067
000002_808_U6S.png,0.455301787850258
000002_809_U6S.png,0.511075892185367
000002_80_L6S.png,0.418290901383212
000002_810_U6S.png,0.614966523835326
000002_811_U6S.png,0.488480117178907
000002_812_U6S.png,0.738339782397743
000002_813_U6S.png,0.58833823218829
000002_814_U6S.png,0.590261862110523
000002_815_U6S.png,0.350942536290215
000002_816_U6S.png,0.726884097462402
000002_817_U6S.png,0.641381754028138
000002_818_U6S.png,0.527951437824337
000002_819_U6S.png,0.521860599735001
000002_81_L6S.png,0.488716455652775
000002_81_h264_18.png,0.458067169321045
000002_81_h264_33.png,0.520476092783049
000002_81_h264_43.png,0.530397645256804
000002_820_U6S.png,0.435486880215001
000002_821_U6S.png,0.295668710743483
000002_822_U6S.png,0.316034626171233
000002_823_U6S.png,0.682176930673004
000002_824_U6S.png,0.514411270427177
000002_825_U6S.png,0.47335231741058
000002_826_U6S.png,0.262863273992646
000002_827_U6S.png,0.0173215680774233
000002_828_U6S.png,0.400025555650791
000002_829_U6S.png,0.465001496438742
000002_82_L6S.png,0.314060847947189
000002_830_U6S.png,0.278292221082776
000002_831_U6S.png,0.506922401526721
000002_832_U6S.png,0.622859098815958
000002_833_U6S.png,0.518702663677115
000002_834_U6S.png,0.659999683052699
000002_835_U6S.png,0.636943136854169
000002_836_U6S.png,0.463581516661942
000002_837_U6S.png,0.463555487005031
000002_838_U6S.png,0.525430751089359
000002_839_U6S.png,0.680675848652849
000002_83_L6S.png,0.320918512226119
000002_83_h264_33.png,0.396132281469937
000002_83_h264_43.png,0.41700068943094
000002_840_U6S.png,0.63854086355383
000002_841_U6S.png,0.424113349746023
000002_842_U6S.png,0.496141160766311
000002_843_U6S.png,0.657187305560613
000002_844_U6S.png,0.494637367608593
000002_845_U6S.png,0.256708249423991
000002_846_U6S.png,0.52660249169078
000002_847_U6S.png,0.572980022206186
000002_848_U6S.png,0.546334049595295
000002_849_U6S.png,0.422972882201638
000002_850_U6S.png,0.398170551433737
000002_851_U6S.png,0.569907057664973
000002_852_U6S.png,0.558520255890564
000002_853_U6S.png,0.579412679097141
000002_854_U6S.png,0.563000599495155
000002_855_U6S.png,0.655491999311677
000002_856_U6S.png,0.580364618190971
000002_857_U6S.png,0.534545781748038
000002_858_U6S.png,0.535111514916278
000002_859_U6S.png,0.478497289270612
000002_85_L6S.png,0.512901151973512
000002_860_U6S.png,0.544882718703173
000002_861_U6S.png,0.626674995976656
000002_862_U6S.png,0.578302446865781
000002_863_U6S.png,0.503292117993705
000002_864_U6S.png,0.524802704095697
000002_865_U6S.png,0.445402343273835
000002_866_U6S.png,0.561804825720497
000002_867_U6S.png,0.317313184515471
000002_868_U6S.png,0.412817500224018
000002_869_U6S.png,0.619609114284123
000002_86_L6S.png,0.430259301037285
000002_870_U6S.png,0.579070106933448
000002_871_U6S.png,0.463700340452443
000002_872_U6S.png,0.43650103933945
000002_873_U6S.png,0.423170392960961
000002_87_L6S.png,0.315307282270796
000002_88_L6S.png,0.477006044722079
000002_89_L6S.png,0.306829478756348
000002_8_L6S.png,0.486269932191709
000002_90_L6S.png,0.568603208853862
000002_91_L6S.png,0.356886358567894
000002_92_L6S.png,0.378551789474989
000002_93_L6S.png,0.519857071979436
000002_94_L6S.png,0.564559644623574
000002_96_L6S.png,0.207586530640044
000002_97_L6S.png,0.515541537253334
000002_98_L6S.png,0.41020366916168
000002_99_L6S.png,0.501355468414066
000002_9_L6S.png,0.801602848762108
